,publishedAt,title,description,videoId,location,geocode
0,2025-03-26T14:30:28Z,Ep 3 - We Raced To Visit The Most European Countries In 6 Days,"Watch episode four of Schengen Showdown right now on Nebula: https://nebula.tv/videos/jetlag-ep-4-schengen-showdown
Get Nebula for 40% off at http://nebula.tv/jetlag

Buy the Hide and Seek Home Game: https://store.nebula.tv/collections/recently-added-1/products/hideandseek

Get $20 off an annual Nebula subscription by signing up at http://go.nebula.tv/jetlag
Listen to the Nebula-exclusive Layover podcast now: https://nebula.tv/thelayover
Buy a Jet Lag hat at: https://store.nebula.tv/collections/wendover-productions/products/wendover-jet-lag-logo-hat

Our other channels:
Wendover Productions - https://nebula.tv/wendover
Half as Interesting - https://nebula.tv/hai

Follow us on Twitter: twitter.com/wendoverpro  

Created by Adam Chase, Sam Denby, and Ben Doyle
Featuring Sam Denby, Adam Chase, Ben Doyle, and Tom Scott
Editing by Adam Chase, Ben Doyle, Jack MacColl, Tyson Kroening, Henry Ariza
Executive Producer Sam Denby
Executive Producers Adam Chase, Ben Doyle
Co-Executive Producer Graham Haerther
Supervising Producer Tyson Kroening
Motion Graphics by Lili Pereira, João Pessegueiro, Dom Burgess, Elise Heersink, Sara Stoltman
Audio by Manni Simon, Donovan Bullen
Artwork by Simon Buckmaster
Additional Game Design by Amy Muller

https://registry.goldstandard.org/credit-blocks?q=Gold+Standard+Marketplace+Order+GSM27904+&page=1

Map data from OpenStreetMap: https://www.openstreetmap.org/copyright",dsDy5VAw-xo,no location found,null
1,2025-03-19T14:30:31Z,Ep 2 - We Raced To Visit The Most European Countries In 6 Days,"Watch episode three of Schengen Showdown right now on Nebula: https://nebula.tv/videos/jetlag-ep-3-schengen-showdown
Get Nebula for 40% off at http://nebula.tv/jetlag

Buy the Hide and Seek Home Game: https://store.nebula.tv/collections/recently-added-1/products/hideandseek

Get $20 off an annual Nebula subscription by signing up at http://go.nebula.tv/jetlag
Listen to the Nebula-exclusive Layover podcast now: https://nebula.tv/thelayover
Buy a Jet Lag hat at: https://store.nebula.tv/collections/wendover-productions/products/wendover-jet-lag-logo-hat

Our other channels:
Wendover Productions - https://nebula.tv/wendover
Half as Interesting - https://nebula.tv/hai

Follow us on Twitter:  twitter.com/wendoverpro  

Created by Adam Chase, Sam Denby, and Ben Doyle
Featuring Sam Denby, Adam Chase, Ben Doyle, and Tom Scott
Editing by Adam Chase, Ben Doyle, Jack MacColl, Tyson Kroening, Henry Ariza
Executive Producer Sam Denby
Executive Producers Adam Chase, Ben Doyle
Co-Executive Producer Graham Haerther
Supervising Producer Tyson Kroening
Motion Graphics by Lili Pereira, João Pessegueiro, Dom Burgess, Elise Heersink, Sara Stoltman
Audio by Manni Simon, Donovan Bullen
Artwork by Simon Buckmaster
Additional Game Design by Amy Muller

https://registry.goldstandard.org/credit-blocks?q=Gold+Standard+Marketplace+Order+GSM27904+&page=1

Map data from OpenStreetMap: https://www.openstreetmap.org/copyright",lSwkoIQLFLo,no location found,null
2,2025-03-12T14:30:10Z,We Raced To Visit The Most European Countries In 6 Days,"Watch episode two of Schengen Showdown right now on Nebula: https://nebula.tv/videos/jetlag-ep-2-schengen-showdown
Get Nebula for 40% off at http://nebula.tv/jetlag

Buy the Hide and Seek Home Game: https://store.nebula.tv/collections/recently-added-1/products/hideandseek

Get $20 off an annual Nebula subscription by signing up at http://go.nebula.tv/jetlag
Listen to the Nebula-exclusive Layover podcast now: https://nebula.tv/thelayover
Buy a Jet Lag hat at: https://store.nebula.tv/collections/wendover-productions/products/wendover-jet-lag-logo-hat

Our other channels:
Wendover Productions - https://nebula.tv/wendover
Half as Interesting - https://nebula.tv/hai

Follow us on Twitter:  twitter.com/wendoverpro  

Created by Adam Chase, Sam Denby, and Ben Doyle
Featuring Sam Denby, Adam Chase, Ben Doyle, and Tom Scott
Editing by Adam Chase, Ben Doyle, Jack MacColl, Tyson Kroening, Henry Ariza
Executive Producer Sam Denby
Executive Producers Adam Chase, Ben Doyle
Co-Executive Producer Graham Haerther
Supervising Producer Tyson Kroening
Motion Graphics by Lili Pereira, João Pessegueiro, Dom Burgess, Elise Heersink, Sara Stoltman
Audio by Manni Simon, Donovan Bullen
Artwork by Simon Buckmaster
Additional Game Design by Amy Muller

Carbon offset via The Gold Standard: https://registry.goldstandard.org/credit-blocks?q=Gold+Standard+Marketplace+Order+GSM27904+&page=1

Map data from OpenStreetMap: https://www.openstreetmap.org/copyright",EJFAw1VRcsA,no location found,null
3,2025-03-05T15:30:01Z,Jet Lag: Schengen Showdown [Trailer],"Watch now at http://nebula.tv/jetlag

Premiering on YouTube March 12",3Qyaocw0u3o,no location found,null
4,2025-01-22T15:30:09Z,We Played Hide And Seek Across Japan - Finale,"Buy the Hide and Seek Home Game: https://store.nebula.tv/collections/recently-added-1/products/hideandseek

Get $20 off an annual Nebula subscription by signing up at http://go.nebula.tv/jetlag
Listen to the Nebula-exclusive Layover podcast now: https://nebula.tv/thelayover
Buy a Jet Lag hat at: https://store.nebula.tv/collections/wendover-productions/products/wendover-jet-lag-logo-hat

Our other channels:
Wendover Productions - https://nebula.tv/wendover
Half as Interesting - https://nebula.tv/hai

Follow us on Twitter:  twitter.com/wendoverpro  

Created by Adam Chase, Sam Denby, and Ben Doyle
Featuring Sam Denby, Adam Chase, Ben Doyle
Editing by Adam Chase, Ben Doyle, Jack MacColl, Tyson Kroening, Henry Ariza
Executive Producer Sam Denby
Co-Executive Producer Graham Haerther
Supervising Producer Tyson Kroening
Motion Graphics by Lili Pereira, João Pessegueiro, Dom Burgess, Elise Heersink, Sara Stoltman
Audio by Manni Simon, Donovan Bullen
Artwork by Simon Buckmaster
Additional Game Design by Amy Muller

Map data from OpenStreetMap: https://www.openstreetmap.org/copyright",5UAM-ZKBcZs,no location found,null
5,2025-01-15T15:30:22Z,We Played Hide And Seek Across Japan - Ep 6,"Watch the finale of Jet Lag: Hide + Seek right now on Nebula: https://nebula.tv/videos/jetlag-ep-7-we-played-hide-and-seek-across-japan
Get Nebula for 40% off at http://nebula.tv/jetlag

Buy the Hide and Seek Home Game: https://store.nebula.tv/collections/recently-added-1/products/hideandseek

Get $20 off an annual Nebula subscription by signing up at http://go.nebula.tv/jetlag
Listen to the Nebula-exclusive Layover podcast now: https://nebula.tv/thelayover
Buy a Jet Lag hat at: https://store.nebula.tv/collections/wendover-productions/products/wendover-jet-lag-logo-hat

Our other channels:
Wendover Productions - https://nebula.tv/wendover
Half as Interesting - https://nebula.tv/hai

Follow us on Twitter:  twitter.com/wendoverpro  

Created by Adam Chase, Sam Denby, and Ben Doyle
Featuring Sam Denby, Adam Chase, Ben Doyle
Editing by Adam Chase, Ben Doyle, Jack MacColl, Tyson Kroening, Henry Ariza
Executive Producer Sam Denby
Co-Executive Producer Graham Haerther
Supervising Producer Tyson Kroening
Motion Graphics by Lili Pereira, João Pessegueiro, Dom Burgess, Elise Heersink, Sara Stoltman
Audio by Manni Simon, Donovan Bullen
Artwork by Simon Buckmaster
Additional Game Design by Amy Muller

Map data from OpenStreetMap: https://www.openstreetmap.org/copyright",uGI0tkmyogU,no location found,null
6,2025-01-08T15:30:00Z,We Played Hide And Seek Across Japan - Ep 5,"Watch episode six of Jet Lag: Hide + Seek right now on Nebula: https://nebula.tv/videos/jetlag-ep-6-we-played-hide-and-seek-across-japan
Get Nebula for 40% off at http://nebula.tv/jetlag

Buy the Hide and Seek Home Game: https://store.nebula.tv/collections/recently-added-1/products/hideandseek

Get $20 off an annual Nebula subscription by signing up at http://go.nebula.tv/jetlag
Listen to the Nebula-exclusive Layover podcast now: https://nebula.tv/thelayover
Buy a Jet Lag hat at: https://store.nebula.tv/collections/wendover-productions/products/wendover-jet-lag-logo-hat

Our other channels:
Wendover Productions - https://nebula.tv/wendover
Half as Interesting - https://nebula.tv/hai

Follow us on Twitter:  twitter.com/wendoverpro  

Created by Adam Chase, Sam Denby, and Ben Doyle
Featuring Sam Denby, Adam Chase, Ben Doyle
Editing by Adam Chase, Ben Doyle, Jack MacColl, Tyson Kroening, Henry Ariza
Executive Producer Sam Denby
Co-Executive Producer Graham Haerther
Supervising Producer Tyson Kroening
Motion Graphics by Lili Pereira, João Pessegueiro, Dom Burgess, Elise Heersink, Sara Stoltman
Audio by Manni Simon, Donovan Bullen
Artwork by Simon Buckmaster
Additional Game Design by Amy Muller",16AbSxpRFJo,no location found,null
7,2025-01-01T16:19:43Z,We Played Hide And Seek Across Japan - Ep 4,"Watch episode five of Jet Lag: Hide + Seek right now on Nebula: https://nebula.tv/videos/jetlag-ep-5-we-played-hide-and-seek-across-japan
Get Nebula for 40% off at http://nebula.tv/jetlag

Buy the Hide and Seek Home Game: https://store.nebula.tv/collections/recently-added-1/products/hideandseek

Get $20 off an annual Nebula subscription by signing up at http://go.nebula.tv/jetlag
Listen to the Nebula-exclusive Layover podcast now: https://nebula.tv/thelayover
Buy a Jet Lag hat at: https://store.nebula.tv/collections/wendover-productions/products/wendover-jet-lag-logo-hat

Our other channels:
Wendover Productions - https://nebula.tv/wendover
Half as Interesting - https://nebula.tv/hai

Follow us on Twitter:  twitter.com/wendoverpro  

Created by Adam Chase, Sam Denby, and Ben Doyle
Featuring Sam Denby, Adam Chase, Ben Doyle
Editing by Adam Chase, Ben Doyle, Jack MacColl, Tyson Kroening, Henry Ariza
Executive Producer Sam Denby
Co-Executive Producer Graham Haerther
Supervising Producer Tyson Kroening
Motion Graphics by Lili Pereira, João Pessegueiro, Dom Burgess, Elise Heersink, Sara Stoltman
Audio by Manni Simon, Donovan Bullen
Artwork by Simon Buckmaster
Additional Game Design by Amy Muller

Map data from OpenStreetMap: https://www.openstreetmap.org/copyright",TUkra-5kybs,no location found,null
8,2024-12-24T15:30:03Z,We Played Hide And Seek Across Japan - Ep 3,"Watch episode four of Jet Lag: Hide + Seek right now on Nebula: https://nebula.tv/videos/jetlag-ep-4-we-played-hide-and-seek-across-japan
Get Nebula for 40% off at http://nebula.tv/jetlag

Buy the Hide and Seek Home Game: https://store.nebula.tv/collections/recently-added-1/products/hideandseek

Get $20 off an annual Nebula subscription by signing up at http://go.nebula.tv/jetlag
Listen to the Nebula-exclusive Layover podcast now: https://nebula.tv/thelayover
Buy a Jet Lag hat at: https://store.nebula.tv/collections/wendover-productions/products/wendover-jet-lag-logo-hat

Our other channels:
Wendover Productions - https://nebula.tv/wendover
Half as Interesting - https://nebula.tv/hai

Follow us on Twitter:  twitter.com/wendoverpro  

Created by Adam Chase, Sam Denby, and Ben Doyle
Featuring Sam Denby, Adam Chase, Ben Doyle
Editing by Adam Chase, Ben Doyle, Jack MacColl, Tyson Kroening, Henry Ariza
Executive Producer Sam Denby
Co-Executive Producer Graham Haerther
Supervising Producer Tyson Kroening
Motion Graphics by Lili Pereira, João Pessegueiro, Dom Burgess, Elise Heersink, Sara Stoltman
Audio by Manni Simon, Donovan Bullen
Artwork by Simon Buckmaster
Additional Game Design by Amy Muller

Map data from OpenStreetMap: https://www.openstreetmap.org/copyright",8Xdl5psYVgQ,no location found,null
9,2024-12-18T15:35:14Z,We Played Hide And Seek Across Japan - Ep 2,"Watch episode three of Jet Lag: Hide + Seek right now on Nebula: https://nebula.tv/videos/jetlag-ep-3-we-played-hide-and-seek-across-japan
Get Nebula for 40% off at http://nebula.tv/jetlag

Buy the Hide and Seek Home Game: https://store.nebula.tv/collections/recently-added-1/products/hideandseek

Get $20 off an annual Nebula subscription by signing up at http://go.nebula.tv/jetlag
Listen to the Nebula-exclusive Layover podcast now: https://nebula.tv/thelayover
Buy a Jet Lag hat at: https://store.nebula.tv/collections/wendover-productions/products/wendover-jet-lag-logo-hat

Our other channels:
Wendover Productions - https://nebula.tv/wendover
Half as Interesting - https://nebula.tv/hai

Follow us on Twitter:  twitter.com/wendoverpro  

Created by Adam Chase, Sam Denby, and Ben Doyle
Featuring Sam Denby, Adam Chase, Ben Doyle
Editing by Adam Chase, Ben Doyle, Jack MacColl, Tyson Kroening, Henry Ariza
Executive Producer Sam Denby
Co-Executive Producer Graham Haerther
Supervising Producer Tyson Kroening
Motion Graphics by Lili Pereira, João Pessegueiro, Dom Burgess, Elise Heersink, Sara Stoltman
Audio by Manni Simon, Donovan Bullen
Artwork by Simon Buckmaster
Additional Game Design by Amy Muller

Map data from OpenStreetMap: https://www.openstreetmap.org/copyright",eRWobpethq4,no location found,null
10,2024-12-11T15:30:12Z,We Played Hide And Seek Across Japan,"Watch episode two of Jet Lag: Hide + Seek right now on Nebula: https://nebula.tv/videos/jetlag-ep-2-we-played-hide-and-seek-across-japan
Get Nebula for 40% off at http://nebula.tv/jetlag

Buy the Hide and Seek Home Game: https://store.nebula.tv/collections/recently-added-1/products/hideandseek

Get $20 off an annual Nebula subscription by signing up at http://go.nebula.tv/jetlag
Listen to the Nebula-exclusive Layover podcast now: https://nebula.tv/thelayover
Buy a Jet Lag hat at: https://store.nebula.tv/collections/wendover-productions/products/wendover-jet-lag-logo-hat

Our other channels:
Wendover Productions - https://nebula.tv/wendover
Half as Interesting - https://nebula.tv/hai

Follow us on Twitter:  twitter.com/wendoverpro  

Created by Adam Chase, Sam Denby, and Ben Doyle
Featuring Sam Denby, Adam Chase, Ben Doyle
Editing by Adam Chase, Ben Doyle, Jack MacColl, Tyson Kroening, Henry Ariza
Executive Producer Sam Denby
Co-Executive Producer Graham Haerther
Supervising Producer Tyson Kroening
Motion Graphics by Lili Pereira, João Pessegueiro, Dom Burgess, Elise Heersink, Sara Stoltman
Audio by Manni Simon, Donovan Bullen
Artwork by Simon Buckmaster
Additional Game Design by Amy Muller

Map data from OpenStreetMap: https://www.openstreetmap.org/copyright",PHjkSKQSzv4,no location found,null
11,2024-12-04T15:30:08Z,Jet Lag: Hide + Seek Japan [Trailer],"Watch now at http://nebula.tv/jetlag

Premiering on YouTube December 11th",DJuloZc4QJw,japan,"{""type"": ""FeatureCollection"", ""licence"": ""Data \u00a9 OpenStreetMap contributors, ODbL 1.0. http://osm.org/copyright"", ""features"": [{""type"": ""Feature"", ""properties"": {""place_id"": 244025455, ""osm_type"": ""relation"", ""osm_id"": 382313, ""place_rank"": 4, ""category"": ""boundary"", ""type"": ""administrative"", ""importance"": 0.9315776534175355, ""addresstype"": ""country"", ""name"": ""\u65e5\u672c"", ""display_name"": ""\u65e5\u672c""}, ""bbox"": [122.7141754, 20.2145811, 154.205541, 45.7112046], ""geometry"": {""type"": ""Point"", ""coordinates"": [139.2394179, 36.5748441]}}]}"
12,2024-10-02T15:32:50Z,Finale - We Played a 72 Hour Game of Tag Across Europe (2024),"Get Nebula for 40% off at http://nebula.tv/jetlag

Listen to the Nebula-exclusive Layover podcast now: https://nebula.tv/thelayover
Order a Jet Lag hat at: https://store.nebula.tv/collections/wendover-productions/products/wendover-jet-lag-logo-hat

Our other channels:
Wendover Productions - https://nebula.tv/wendover
Half as Interesting - https://nebula.tv/hai

Follow us on Twitter:  twitter.com/wendoverpro  

Created by Adam Chase, Sam Denby, and Ben Doyle
Featuring Sam Denby, Adam Chase, and Ben Doyle.
Editing by Adam Chase, Ben Doyle, Jack MacColl, Tyson Kroening, Henry Ariza
Executive Producer Sam Denby
Co-Executive Producer Graham Haerther
Supervising Producer Tyson Kroening
Motion Graphics by Lili Pereira, João Pessegueiro, Dom Burgess, Elise Heersink, Sara Stoltman
Audio by Manni Simon, Donovan Bullen
Artwork by Simon Buckmaster
Additional Game Design by Amy Muller",CpIHZSRBrgA,no location found,null
13,2024-09-25T14:30:18Z,Ep 5 - We Played a 72 Hour Game of Tag Across Europe (2024),"Watch episode 6 of Tag Across Europe right now on Nebula: https://nebula.tv/videos/jetlag-ep-6-tag-across-europe-3
Get Nebula for 40% off at http://nebula.tv/jetlag

Listen to the Nebula-exclusive Layover podcast now: https://nebula.tv/thelayover
Order a Jet Lag hat at: https://store.nebula.tv/collections/wendover-productions/products/wendover-jet-lag-logo-hat

Our other channels:
Wendover Productions - https://nebula.tv/wendover
Half as Interesting - https://nebula.tv/hai

Follow us on Twitter:  twitter.com/wendoverpro  

Created by Adam Chase, Sam Denby, and Ben Doyle
Featuring Sam Denby, Adam Chase, and Ben Doyle.
Editing by Adam Chase, Ben Doyle, Jack MacColl, Tyson Kroening, Henry Ariza
Executive Producer Sam Denby
Co-Executive Producer Graham Haerther
Supervising Producer Tyson Kroening
Motion Graphics by Lili Pereira, João Pessegueiro, Dom Burgess, Elise Heersink, Sara Stoltman
Audio by Manni Simon, Donovan Bullen
Artwork by Simon Buckmaster
Additional Game Design by Amy Muller",Fd-SP-yoDbU,no location found,null
14,2024-09-18T14:30:22Z,Ep 4 - We Played a 72 Hour Game of Tag Across Europe (2024),"Watch episode 5 of Tag Across Europe right now on Nebula: https://nebula.tv/videos/jetlag-ep-5-tag-across-europe-3
Get Nebula for 40% off at http://nebula.tv/jetlag

Listen to the Nebula-exclusive Layover podcast now: https://nebula.tv/thelayover
Order a Jet Lag hat at: https://store.nebula.tv/collections/wendover-productions/products/wendover-jet-lag-logo-hat

Our other channels:
Wendover Productions - https://nebula.tv/wendover
Half as Interesting - https://nebula.tv/hai

Follow us on Twitter:  twitter.com/wendoverpro  

Created by Adam Chase, Sam Denby, and Ben Doyle
Featuring Sam Denby, Adam Chase, and Ben Doyle.
Editing by Adam Chase, Ben Doyle, Jack MacColl, Tyson Kroening, Henry Ariza
Executive Producer Sam Denby
Co-Executive Producer Graham Haerther
Supervising Producer Tyson Kroening
Motion Graphics by Lili Pereira, João Pessegueiro, Dom Burgess, Elise Heersink, Sara Stoltman
Audio by Manni Simon, Donovan Bullen
Artwork by Simon Buckmaster
Additional Game Design by Amy Muller",VsuuYPwgbg0,no location found,null
15,2024-09-11T14:30:14Z,Ep 3 - We Played a 72 Hour Game of Tag Across Europe (2024),"Watch episode 4 of Tag Across Europe right now on Nebula: https://nebula.tv/videos/jetlag-ep-4-tag-across-europe-3
Get Nebula for 40% off at http://nebula.tv/jetlag

Listen to the Nebula-exclusive Layover podcast now: https://nebula.tv/thelayover
Order a Jet Lag hat at: https://store.nebula.tv/collections/wendover-productions/products/wendover-jet-lag-logo-hat

Our other channels:
Wendover Productions - https://nebula.tv/wendover
Half as Interesting - https://nebula.tv/hai

Follow us on Twitter:  twitter.com/wendoverpro  

Created by Adam Chase, Sam Denby, and Ben Doyle
Featuring Sam Denby, Adam Chase, and Ben Doyle.
Editing by Adam Chase, Ben Doyle, Jack MacColl, Tyson Kroening, Henry Ariza
Executive Producer Sam Denby
Co-Executive Producer Graham Haerther
Supervising Producer Tyson Kroening
Motion Graphics by Lili Pereira, João Pessegueiro, Dom Burgess, Elise Heersink, Sara Stoltman
Audio by Manni Simon, Donovan Bullen
Artwork by Simon Buckmaster
Additional Game Design by Amy Muller",GYVUFfQ3OTk,no location found,null
16,2024-09-04T14:30:12Z,Ep 2 - We Played a 72 Hour Game of Tag Across Europe (2024),"Watch episode 3 of Tag Across Europe right now on Nebula: https://nebula.tv/videos/jetlag-ep-3-tag-across-europe-3
Get Nebula for 40% off at http://nebula.tv/jetlag

Listen to the Nebula-exclusive Layover podcast now: https://nebula.tv/thelayover
Order a Jet Lag hat at: https://store.nebula.tv/collections/wendover-productions/products/wendover-jet-lag-logo-hat

Our other channels:
Wendover Productions - https://nebula.tv/wendover
Half as Interesting - https://nebula.tv/hai

Follow us on Twitter:  twitter.com/wendoverpro  

Created by Adam Chase, Sam Denby, and Ben Doyle
Featuring Sam Denby, Adam Chase, and Ben Doyle.
Editing by Adam Chase, Ben Doyle, Jack MacColl, Tyson Kroening, Henry Ariza
Executive Producer Sam Denby
Co-Executive Producer Graham Haerther
Supervising Producer Tyson Kroening
Motion Graphics by Lili Pereira, João Pessegueiro, Dom Burgess, Elise Heersink, Sara Stoltman
Audio by Manni Simon, Donovan Bullen
Artwork by Simon Buckmaster
Additional Game Design by Amy Muller",QcQqT4yMvro,no location found,null
17,2024-08-28T14:29:00Z,We Played a 72 Hour Game of Tag Across Europe (2024),"Watch episode 2 of Tag Across Europe right now on Nebula: https://nebula.tv/videos/jetlag-ep-2-tag-across-europe-3
Get Nebula for 40% off at http://nebula.tv/jetlag

Listen to the Nebula-exclusive Layover podcast now: https://nebula.tv/thelayover
Order a Jet Lag hat at: https://store.nebula.tv/collections/wendover-productions/products/wendover-jet-lag-logo-hat

Our other channels:
Wendover Productions - https://nebula.tv/wendover
Half as Interesting - https://nebula.tv/hai

Follow us on Twitter:  twitter.com/wendoverpro  

Created by Adam Chase, Sam Denby, and Ben Doyle
Featuring Sam Denby, Adam Chase, and Ben Doyle.
Editing by Adam Chase, Ben Doyle, Jack MacColl, Tyson Kroening, Henry Ariza
Executive Producer Sam Denby
Co-Executive Producer Graham Haerther
Supervising Producer Tyson Kroening
Motion Graphics by Lili Pereira, João Pessegueiro, Dom Burgess, Elise Heersink, Sara Stoltman
Audio by Manni Simon, Donovan Bullen
Artwork by Simon Buckmaster
Additional Game Design by Amy Muller",hsoiHKaqG2s,no location found,null
18,2024-08-21T15:36:45Z,Jet Lag: Tag 3 [Trailer],"Watch now at http://nebula.tv/jetlag

Premiering on YouTube August 28",BulZkf97cEQ,no location found,null
19,2024-06-26T14:30:13Z,AU$TRALIA: A Travel Game - Finale,"Get Nebula for 40% off at http://nebula.tv/jetlag

Listen to the Nebula-exclusive Layover podcast now: https://nebula.tv/thelayover
Pre-order a Jet Lag hat at: https://store.nebula.tv/collections/wendover-productions/products/wendover-jet-lag-logo-hat

Our other channels:
Wendover Productions - https://nebula.tv/wendover
Half as Interesting - https://nebula.tv/hai

Follow us on Twitter:  twitter.com/wendoverpro  

Created by Adam Chase, Sam Denby, and Ben Doyle
Featuring Sam Denby, Adam Chase, Ben Doyle and Toby Hendy
Editing by Adam Chase, Ben Doyle, Jack MacColl, Tyson Kroening, Henry Ariza
Executive Producer Sam Denby
Co-Executive Producer Graham Haerther
Supervising Producer Tyson Kroening
Motion Graphics by Lili Pereira, João Pessegueiro, Dom Burgess, Elise Heersink, Sara Stoltman
Audio by Manni Simon, Donovan Bullen
Artwork by Simon Buckmaster
Additional Game Design by Amy Muller

Carbon offset by the Gold Standard: https://registry.goldstandard.org/credit-blocks/details/432512",Lf62N-s42_o,no location found,null
20,2024-06-19T14:30:19Z,AU$TRALIA: A Travel Game - Ep 5,"Watch episode 6 of Jet Lag: AU$TRALIA now: https://nebula.tv/videos/jetlag-ep-6-australia-a-game-about-travel-money-and-risk/
Get Nebula for 40% off at http://nebula.tv/jetlag

Listen to the Nebula-exclusive Layover podcast now: https://nebula.tv/thelayover
Pre-order a Jet Lag hat at: https://store.nebula.tv/collections/wendover-productions/products/wendover-jet-lag-logo-hat

Our other channels:
Wendover Productions - https://nebula.tv/wendover
Half as Interesting - https://nebula.tv/hai

Follow us on Twitter:  twitter.com/wendoverpro  

Created by Adam Chase, Sam Denby, and Ben Doyle
Featuring Sam Denby, Adam Chase, Ben Doyle and Toby Hendy
Editing by Adam Chase, Ben Doyle, Jack MacColl, Tyson Kroening, Henry Ariza
Executive Producer Sam Denby
Co-Executive Producer Graham Haerther
Supervising Producer Tyson Kroening
Motion Graphics by Lili Pereira, João Pessegueiro, Dom Burgess, Elise Heersink, Sara Stoltman
Audio by Manni Simon, Donovan Bullen
Artwork by Simon Buckmaster
Additional Game Design by Amy Muller

Carbon offset by the Gold Standard: https://registry.goldstandard.org/credit-blocks/details/432512",v4KHDMvFQgg,no location found,null
21,2024-06-12T14:30:04Z,AU$TRALIA: A Travel Game - Ep 4,"Watch episode 5 of Jet Lag: AU$TRALIA now: https://nebula.tv/videos/jetlag-ep-5-australia-a-game-about-travel-money-and-risk/
Get Nebula for 40% off at http://nebula.tv/jetlag

Listen to the Nebula-exclusive Layover podcast now: https://nebula.tv/thelayover
Pre-order a Jet Lag hat at: https://store.nebula.tv/collections/wendover-productions/products/wendover-jet-lag-logo-hat

Our other channels:
Wendover Productions - https://nebula.tv/wendover
Half as Interesting - https://nebula.tv/hai

Follow us on Twitter:  twitter.com/wendoverpro  

Created by Adam Chase, Sam Denby, and Ben Doyle
Featuring Sam Denby, Adam Chase, Ben Doyle and Toby Hendy
Editing by Adam Chase, Ben Doyle, Jack MacColl, Tyson Kroening, Henry Ariza
Executive Producer Sam Denby
Co-Executive Producer Graham Haerther
Supervising Producer Tyson Kroening
Motion Graphics by Lili Pereira, João Pessegueiro, Dom Burgess, Elise Heersink, Sara Stoltman
Audio by Manni Simon, Donovan Bullen
Artwork by Simon Buckmaster
Additional Game Design by Amy Muller

Carbon offset by the Gold Standard: https://registry.goldstandard.org/credit-blocks/details/432512",BPOglXCH0F8,no location found,null
22,2024-06-05T14:30:12Z,AU$TRALIA: A Travel Game - Ep 3,"Watch episode 4 of Jet Lag: AU$TRALIA now: https://nebula.tv/videos/jetlag-ep-4-australia-a-game-about-travel-money-and-risk/
Get Nebula for 40% off at http://nebula.tv/jetlag

Listen to the Nebula-exclusive Layover podcast now: https://nebula.tv/thelayover
Pre-order a Jet Lag hat at: https://store.nebula.tv/collections/wendover-productions/products/wendover-jet-lag-logo-hat

Our other channels:
Wendover Productions - https://nebula.tv/wendover
Half as Interesting - https://nebula.tv/hai

Follow us on Twitter:  twitter.com/wendoverpro  

Created by Adam Chase, Sam Denby, and Ben Doyle
Featuring Sam Denby, Adam Chase, Ben Doyle and Toby Hendy
Editing by Adam Chase, Ben Doyle, Jack MacColl, Tyson Kroening, Henry Ariza
Executive Producer Sam Denby
Co-Executive Producer Graham Haerther
Supervising Producer Tyson Kroening
Motion Graphics by Lili Pereira, João Pessegueiro, Dom Burgess, Elise Heersink, Sara Stoltman
Audio by Manni Simon, Donovan Bullen
Artwork by Simon Buckmaster
Additional Game Design by Amy Muller

Carbon offset by the Gold Standard: https://registry.goldstandard.org/credit-blocks/details/432512",JPj_Kf5jC_0,no location found,null
23,2024-05-29T14:33:15Z,AU$TRALIA: A Travel Game - Ep 2,"Watch episode 3 of Jet Lag: AU$TRALIA now: https://nebula.tv/videos/jetlag-ep-3-australia-a-game-about-travel-money-and-risk/
Get Nebula for 40% off at http://nebula.tv/jetlag

Listen to the Nebula-exclusive Layover podcast now: https://nebula.tv/thelayover
Pre-order a Jet Lag hat at: https://store.nebula.tv/collections/wendover-productions/products/wendover-jet-lag-logo-hat

Our other channels:
Wendover Productions - https://nebula.tv/wendover
Half as Interesting - https://nebula.tv/hai

Follow us on Twitter:  twitter.com/wendoverpro  

Created by Adam Chase, Sam Denby, and Ben Doyle
Featuring Sam Denby, Adam Chase, Ben Doyle and Toby Hendy
Editing by Adam Chase, Ben Doyle, Jack MacColl, Tyson Kroening, Henry Ariza
Executive Producer Sam Denby
Co-Executive Producer Graham Haerther
Supervising Producer Tyson Kroening
Motion Graphics by Lili Pereira, João Pessegueiro, Dom Burgess, Elise Heersink, Sara Stoltman
Audio by Manni Simon, Donovan Bullen
Artwork by Simon Buckmaster
Additional Game Design by Amy Muller

Carbon offset by the Gold Standard: https://registry.goldstandard.org/credit-blocks/details/432512",abwiCon6IjU,australia,"{""type"": ""FeatureCollection"", ""licence"": ""Data \u00a9 OpenStreetMap contributors, ODbL 1.0. http://osm.org/copyright"", ""features"": [{""type"": ""Feature"", ""properties"": {""place_id"": 28701174, ""osm_type"": ""relation"", ""osm_id"": 80500, ""place_rank"": 4, ""category"": ""boundary"", ""type"": ""administrative"", ""importance"": 0.9037703386664665, ""addresstype"": ""country"", ""name"": ""Australia"", ""display_name"": ""Australia""}, ""bbox"": [72.2461932, -55.3228175, 168.2261259, -9.0880125], ""geometry"": {""type"": ""Point"", ""coordinates"": [134.755, -24.7761086]}}]}"
24,2024-05-22T14:30:19Z,AU$TRALIA: A Travel Game,"Watch episode 2 of Jet Lag: AU$TRALIA now: https://nebula.tv/videos/jetlag-australia-a-game-about-travel-money-and-risk
Get Nebula for 40% off at http://nebula.tv/jetlag

Listen to the Nebula-exclusive Layover podcast now: https://nebula.tv/thelayover
Pre-order a Jet Lag hat at: https://store.nebula.tv/collections/wendover-productions/products/wendover-jet-lag-logo-hat

Our other channels:
Wendover Productions - https://nebula.tv/wendover
Half as Interesting - https://nebula.tv/hai

Follow us on Twitter:  twitter.com/wendoverpro  

Created by Adam Chase, Sam Denby, and Ben Doyle
Featuring Sam Denby, Adam Chase, Ben Doyle and Toby Hendy
Editing by Adam Chase, Ben Doyle, Jack MacColl, Tyson Kroening, Henry Ariza
Executive Producer Sam Denby
Co-Executive Producer Graham Haerther
Supervising Producer Tyson Kroening
Motion Graphics by Lili Pereira, João Pessegueiro, Dom Burgess, Elise Heersink, Sara Stoltman
Audio by Manni Simon, Donovan Bullen
Artwork by Simon Buckmaster
Additional Game Design by Amy Muller

Carbon offset by the Gold Standard: https://registry.goldstandard.org/credit-blocks/details/432512",rNxi1-UgV2I,no location found,null
25,2024-05-15T14:30:07Z,Jet Lag: AU$TRALIA [Trailer],"Watch now at http://nebula.tv/jetlag

Premiering on YouTube May 22nd",Ep34bvS4Y9Q,australia,"{""type"": ""FeatureCollection"", ""licence"": ""Data \u00a9 OpenStreetMap contributors, ODbL 1.0. http://osm.org/copyright"", ""features"": [{""type"": ""Feature"", ""properties"": {""place_id"": 28701174, ""osm_type"": ""relation"", ""osm_id"": 80500, ""place_rank"": 4, ""category"": ""boundary"", ""type"": ""administrative"", ""importance"": 0.9037703386664665, ""addresstype"": ""country"", ""name"": ""Australia"", ""display_name"": ""Australia""}, ""bbox"": [72.2461932, -55.3228175, 168.2261259, -9.0880125], ""geometry"": {""type"": ""Point"", ""coordinates"": [134.755, -24.7761086]}}]}"
26,2024-04-03T14:30:19Z,We Played Hide And Seek Across Switzerland - Finale,"Watch the outtakes of Jet Lag: Hide + Seek right now on Nebula: https://nebula.tv/videos/jetlag-jet-lag-the-outtakes-everything-we-cut-from-season-9
Get Nebula for 40% off at http://nebula.tv/jetlag

Listen to the Nebula-exclusive Layover podcast now: https://nebula.tv/thelayover
Pre-order a Jet Lag hat at: https://store.nebula.tv/collections/wendover-productions/products/wendover-jet-lag-logo-hat

Our other channels:
Wendover Productions - https://nebula.tv/wendover
Half as Interesting - https://nebula.tv/hai

Follow us on Twitter:  twitter.com/wendoverpro  

Created by Adam Chase, Sam Denby, and Ben Doyle
Featuring Sam Denby, Adam Chase, Ben Doyle
Editing by Adam Chase, Ben Doyle, Jack MacColl, Tyson Kroening, Henry Ariza
Executive Producer Sam Denby
Co-Executive Producer Graham Haerther
Supervising Producer Tyson Kroening
Motion Graphics by Lili Pereira, João Pessegueiro, Dom Burgess, Elise Heersink, Sara Stoltman
Audio by Manni Simon, Donovan Bullen
Artwork by Simon Buckmaster
Additional Game Design by Amy Muller",X13gVRwnKDA,switzerland,"{""type"": ""FeatureCollection"", ""licence"": ""Data \u00a9 OpenStreetMap contributors, ODbL 1.0. http://osm.org/copyright"", ""features"": [{""type"": ""Feature"", ""properties"": {""place_id"": 66146069, ""osm_type"": ""relation"", ""osm_id"": 51701, ""place_rank"": 4, ""category"": ""boundary"", ""type"": ""administrative"", ""importance"": 0.88408773940085, ""addresstype"": ""country"", ""name"": ""Schweiz/Suisse/Svizzera/Svizra"", ""display_name"": ""Schweiz/Suisse/Svizzera/Svizra""}, ""bbox"": [5.9559113, 45.8179579, 10.4922941, 47.8084544], ""geometry"": {""type"": ""Point"", ""coordinates"": [8.2319736, 46.7985624]}}, {""type"": ""Feature"", ""properties"": {""place_id"": 316362914, ""osm_type"": ""relation"", ""osm_id"": 1804294, ""place_rank"": 12, ""category"": ""boundary"", ""type"": ""administrative"", ""importance"": 0.5292941935263752, ""addresstype"": ""county"", ""name"": ""Switzerland County"", ""display_name"": ""Switzerland County, Indiana, United States""}, ""bbox"": [-85.2035067, 38.6875082, -84.784609, 38.9294152], ""geometry"": {""type"": ""Point"", ""coordinates"": [-85.0373975, 38.8249258]}}]}"
27,2024-03-27T14:30:01Z,We Played Hide And Seek Across Switzerland - Ep 4,"Watch the finale of Jet Lag: Hide + Seek right now on Nebula: https://nebula.tv/videos/jetlag-ep-5-we-played-hide-and-seek-across-switzerland
Get Nebula for 40% off at http://nebula.tv/jetlag

Listen to the Nebula-exclusive Layover podcast now: https://nebula.tv/thelayover
Pre-order a Jet Lag hat at: https://store.nebula.tv/collections/wendover-productions/products/wendover-jet-lag-logo-hat

Our other channels:
Wendover Productions - https://nebula.tv/wendover
Half as Interesting - https://nebula.tv/hai

Follow us on Twitter:  twitter.com/wendoverpro  

Created by Adam Chase, Sam Denby, and Ben Doyle
Featuring Sam Denby, Adam Chase, Ben Doyle
Editing by Adam Chase, Ben Doyle, Jack MacColl, Tyson Kroening, Henry Ariza
Executive Producer Sam Denby
Co-Executive Producer Graham Haerther
Supervising Producer Tyson Kroening
Motion Graphics by Lili Pereira, João Pessegueiro, Dom Burgess, Elise Heersink, Sara Stoltman
Audio by Manni Simon, Donovan Bullen
Artwork by Simon Buckmaster
Additional Game Design by Amy Muller",62NKEFWavKA,switzerland,"{""type"": ""FeatureCollection"", ""licence"": ""Data \u00a9 OpenStreetMap contributors, ODbL 1.0. http://osm.org/copyright"", ""features"": [{""type"": ""Feature"", ""properties"": {""place_id"": 66146069, ""osm_type"": ""relation"", ""osm_id"": 51701, ""place_rank"": 4, ""category"": ""boundary"", ""type"": ""administrative"", ""importance"": 0.88408773940085, ""addresstype"": ""country"", ""name"": ""Schweiz/Suisse/Svizzera/Svizra"", ""display_name"": ""Schweiz/Suisse/Svizzera/Svizra""}, ""bbox"": [5.9559113, 45.8179579, 10.4922941, 47.8084544], ""geometry"": {""type"": ""Point"", ""coordinates"": [8.2319736, 46.7985624]}}, {""type"": ""Feature"", ""properties"": {""place_id"": 316362914, ""osm_type"": ""relation"", ""osm_id"": 1804294, ""place_rank"": 12, ""category"": ""boundary"", ""type"": ""administrative"", ""importance"": 0.5292941935263752, ""addresstype"": ""county"", ""name"": ""Switzerland County"", ""display_name"": ""Switzerland County, Indiana, United States""}, ""bbox"": [-85.2035067, 38.6875082, -84.784609, 38.9294152], ""geometry"": {""type"": ""Point"", ""coordinates"": [-85.0373975, 38.8249258]}}]}"
28,2024-03-20T15:31:36Z,We Played Hide And Seek Across Switzerland - Ep 3,"Watch episode four of Jet Lag: Hide + Seek right now on Nebula: https://nebula.tv/videos/jetlag-ep-4-we-played-hide-and-seek-across-switzerland
Get Nebula for 40% off at http://nebula.tv/jetlag

Listen to the Nebula-exclusive Layover podcast now: https://nebula.tv/thelayover
Pre-order a Jet Lag hat at: https://store.nebula.tv/collections/wendover-productions/products/wendover-jet-lag-logo-hat

Our other channels:
Wendover Productions - https://nebula.tv/wendover
Half as Interesting - https://nebula.tv/hai

Follow us on Twitter:  twitter.com/wendoverpro  

Created by Adam Chase, Sam Denby, and Ben Doyle
Featuring Sam Denby, Adam Chase, Ben Doyle
Editing by Adam Chase, Ben Doyle, Jack MacColl, Tyson Kroening, Henry Ariza
Executive Producer Sam Denby
Co-Executive Producer Graham Haerther
Supervising Producer Tyson Kroening
Motion Graphics by Lili Pereira, João Pessegueiro, Dom Burgess, Elise Heersink, Sara Stoltman
Audio by Manni Simon, Donovan Bullen
Artwork by Simon Buckmaster
Additional Game Design by Amy Muller",h5kDnrKG6OA,switzerland,"{""type"": ""FeatureCollection"", ""licence"": ""Data \u00a9 OpenStreetMap contributors, ODbL 1.0. http://osm.org/copyright"", ""features"": [{""type"": ""Feature"", ""properties"": {""place_id"": 66146069, ""osm_type"": ""relation"", ""osm_id"": 51701, ""place_rank"": 4, ""category"": ""boundary"", ""type"": ""administrative"", ""importance"": 0.88408773940085, ""addresstype"": ""country"", ""name"": ""Schweiz/Suisse/Svizzera/Svizra"", ""display_name"": ""Schweiz/Suisse/Svizzera/Svizra""}, ""bbox"": [5.9559113, 45.8179579, 10.4922941, 47.8084544], ""geometry"": {""type"": ""Point"", ""coordinates"": [8.2319736, 46.7985624]}}, {""type"": ""Feature"", ""properties"": {""place_id"": 316362914, ""osm_type"": ""relation"", ""osm_id"": 1804294, ""place_rank"": 12, ""category"": ""boundary"", ""type"": ""administrative"", ""importance"": 0.5292941935263752, ""addresstype"": ""county"", ""name"": ""Switzerland County"", ""display_name"": ""Switzerland County, Indiana, United States""}, ""bbox"": [-85.2035067, 38.6875082, -84.784609, 38.9294152], ""geometry"": {""type"": ""Point"", ""coordinates"": [-85.0373975, 38.8249258]}}]}"
29,2024-03-13T14:30:07Z,We Played Hide And Seek Across Switzerland - Ep 2,"Watch episode three of Jet Lag: Hide + Seek right now on Nebula: https://nebula.tv/videos/jetlag-ep-3-we-played-hide-and-seek-across-switzerland
Get Nebula for 40% off at http://nebula.tv/jetlag

Get $20 off an annual Nebula subscription by signing up at http://go.nebula.tv/jetlag
Listen to the Nebula-exclusive Layover podcast now: https://nebula.tv/thelayover
Pre-order a Jet Lag hat at: https://store.nebula.tv/collections/wendover-productions/products/wendover-jet-lag-logo-hat

Our other channels:
Wendover Productions - https://nebula.tv/wendover
Half as Interesting - https://nebula.tv/hai

Follow us on Twitter:  twitter.com/wendoverpro  

Created by Adam Chase, Sam Denby, and Ben Doyle
Featuring Sam Denby, Adam Chase, Ben Doyle
Editing by Adam Chase, Ben Doyle, Jack MacColl, Tyson Kroening, Henry Ariza
Executive Producer Sam Denby
Co-Executive Producer Graham Haerther
Supervising Producer Tyson Kroening
Motion Graphics by Lili Pereira, João Pessegueiro, Dom Burgess, Elise Heersink, Sara Stoltman
Audio by Manni Simon, Donovan Bullen
Artwork by Simon Buckmaster
Additional Game Design by Amy Muller",CkRXCvWptn4,no location found,null
30,2024-03-06T15:30:06Z,We Played Hide And Seek Across Switzerland,"Watch episode two of Jet Lag: Hide + Seek right now on Nebula: 
Get Nebula for 40% off at http://nebula.tv/jetlag

Get $20 off an annual Nebula subscription by signing up at http://go.nebula.tv/jetlag
Listen to the Nebula-exclusive Layover podcast now: https://nebula.tv/thelayover
Pre-order a Jet Lag hat at: https://store.nebula.tv/collections/wendover-productions/products/wendover-jet-lag-logo-hat

Our other channels:
Wendover Productions - https://nebula.tv/wendover
Half as Interesting - https://nebula.tv/hai

Follow us on Twitter:  twitter.com/wendoverpro  

Created by Adam Chase, Sam Denby, and Ben Doyle
Featuring Sam Denby, Adam Chase, Ben Doyle
Editing by Adam Chase, Ben Doyle, Jack MacColl, Tyson Kroening, Henry Ariza
Executive Producer Sam Denby
Co-Executive Producer Graham Haerther
Supervising Producer Tyson Kroening
Motion Graphics by Lili Pereira, João Pessegueiro, Dom Burgess, Elise Heersink, Sara Stoltman
Audio by Manni Simon, Donovan Bullen
Artwork by Simon Buckmaster
Additional Game Design by Amy Muller",E8UmTJVDnUI,switzerland,"{""type"": ""FeatureCollection"", ""licence"": ""Data \u00a9 OpenStreetMap contributors, ODbL 1.0. http://osm.org/copyright"", ""features"": [{""type"": ""Feature"", ""properties"": {""place_id"": 66146069, ""osm_type"": ""relation"", ""osm_id"": 51701, ""place_rank"": 4, ""category"": ""boundary"", ""type"": ""administrative"", ""importance"": 0.88408773940085, ""addresstype"": ""country"", ""name"": ""Schweiz/Suisse/Svizzera/Svizra"", ""display_name"": ""Schweiz/Suisse/Svizzera/Svizra""}, ""bbox"": [5.9559113, 45.8179579, 10.4922941, 47.8084544], ""geometry"": {""type"": ""Point"", ""coordinates"": [8.2319736, 46.7985624]}}, {""type"": ""Feature"", ""properties"": {""place_id"": 316362914, ""osm_type"": ""relation"", ""osm_id"": 1804294, ""place_rank"": 12, ""category"": ""boundary"", ""type"": ""administrative"", ""importance"": 0.5292941935263752, ""addresstype"": ""county"", ""name"": ""Switzerland County"", ""display_name"": ""Switzerland County, Indiana, United States""}, ""bbox"": [-85.2035067, 38.6875082, -84.784609, 38.9294152], ""geometry"": {""type"": ""Point"", ""coordinates"": [-85.0373975, 38.8249258]}}]}"
31,2024-02-28T15:30:03Z,Jet Lag: Hide + Seek [Trailer],"Watch episode 1 of Jet Lag: Hide + Seek right now on Nebula: https://nebula.tv/videos/jetlag-we-played-hide-and-seek-across-switzerland

Get Nebula for 40% off at http://nebula.tv/jetlag

Listen to the Nebula-exclusive Layover podcast now: https://nebula.tv/thelayover

Our other channels:
Wendover Productions - https://nebula.tv/wendover
Half as Interesting - https://nebula.tv/hai

Follow us on Twitter: http://twitter.com/wendoverpro

Created by Adam Chase, Sam Denby, and Ben Doyle
Featuring Sam Denby, Adam Chase, Ben Doyle
Editing by Adam Chase, Ben Doyle, Jack MacColl, Tyson Kroening, Henry Ariza
Executive Producer Sam Denby
Co-Executive Producer Graham Haerther
Supervising Producer Tyson Kroening
Motion Graphics by Lili Pereira, João Pessegueiro, Dom Burgess, Elise Heersink, Sara Stoltman
Audio by Manni Simon, Donovan Bullen
Artwork by Simon Buckmaster
Additional Game Design by Amy Muller

Map data from OpenStreetMap: https://www.openstreetmap.org/copyright",92bS-Gu2ivM,switzerland,"{""type"": ""FeatureCollection"", ""licence"": ""Data \u00a9 OpenStreetMap contributors, ODbL 1.0. http://osm.org/copyright"", ""features"": [{""type"": ""Feature"", ""properties"": {""place_id"": 66146069, ""osm_type"": ""relation"", ""osm_id"": 51701, ""place_rank"": 4, ""category"": ""boundary"", ""type"": ""administrative"", ""importance"": 0.88408773940085, ""addresstype"": ""country"", ""name"": ""Schweiz/Suisse/Svizzera/Svizra"", ""display_name"": ""Schweiz/Suisse/Svizzera/Svizra""}, ""bbox"": [5.9559113, 45.8179579, 10.4922941, 47.8084544], ""geometry"": {""type"": ""Point"", ""coordinates"": [8.2319736, 46.7985624]}}, {""type"": ""Feature"", ""properties"": {""place_id"": 316362914, ""osm_type"": ""relation"", ""osm_id"": 1804294, ""place_rank"": 12, ""category"": ""boundary"", ""type"": ""administrative"", ""importance"": 0.5292941935263752, ""addresstype"": ""county"", ""name"": ""Switzerland County"", ""display_name"": ""Switzerland County, Indiana, United States""}, ""bbox"": [-85.2035067, 38.6875082, -84.784609, 38.9294152], ""geometry"": {""type"": ""Point"", ""coordinates"": [-85.0373975, 38.8249258]}}]}"
32,2024-01-24T15:30:07Z,Finale - We Raced From USA's Northernmost to Southernmost Town,"Watch Jet Lag: The Outtakes right now on Nebula: https://nebula.tv/videos/jetlag-jet-lag-the-outtakes-everything-we-cut-from-season-8
Get Nebula for 40% off at http://nebula.tv/jetlag

Listen to the Nebula-exclusive Layover podcast now: https://nebula.tv/thelayover

Our other channels:
Wendover Productions - https://nebula.tv/wendover
Half as Interesting - https://nebula.tv/hai

Follow us on Twitter: http://twitter.com/wendoverpro

Created by Adam Chase, Sam Denby, and Ben Doyle
Guest starring Michelle Khare
Editing by Adam Chase, Ben Doyle, Jack MacColl, Henry Ariza, Tyson Kroening
Supervising Producer Graham Haerther
Motion Graphics by Lili Pereira, João Pessegueiro, Dom Burgess, Elise Heersink, Derek Brown
Audio by Manni Simon, Donovan Bullen
Additional Game Design by Amy Muller
Artwork by Simon Buckmaster

Map data from OpenStreetMap: https://www.openstreetmap.org/copyright",SqWs-riq6Dc,no location found,null
33,2024-01-17T15:30:10Z,Ep 5 - We Raced From USA's Northernmost to Southernmost Town,"Watch the finale of Jet Lag: Arctic Escape right now on Nebula: https://nebula.tv/videos/jetlag-ep-6-we-raced-from-americas-northernmost-to-southernmost-town
Get Nebula for 40% off at http://nebula.tv/jetlag

Listen to the Nebula-exclusive Layover podcast now: https://nebula.tv/thelayover

Our other channels:
Wendover Productions - https://nebula.tv/wendover
Half as Interesting - https://nebula.tv/hai

Follow us on Twitter: http://twitter.com/wendoverpro

Created by Adam Chase, Sam Denby, and Ben Doyle
Guest starring Michelle Khare
Editing by Adam Chase, Ben Doyle, Jack MacColl, Henry Ariza, Tyson Kroening
Supervising Producer Graham Haerther
Motion Graphics by Lili Pereira, João Pessegueiro, Dom Burgess, Elise Heersink, Derek Brown
Audio by Manni Simon, Donovan Bullen
Additional Game Design by Amy Muller
Artwork by Simon Buckmaster

Map data from OpenStreetMap: https://www.openstreetmap.org/copyright",UtxqlV0r_iU,no location found,null
34,2024-01-10T15:30:51Z,Ep 4 - We Raced From USA's Northernmost to Southernmost Town,"Watch episode five of Jet Lag: Arctic Escape right now on Nebula: https://nebula.tv/videos/jetlag-ep-5-we-raced-from-americas-northernmost-to-southernmost-town
Get Nebula for 40% off at http://nebula.tv/jetlag

Listen to the Nebula-exclusive Layover podcast now: https://nebula.tv/thelayover

Our other channels:
Wendover Productions - https://nebula.tv/wendover
Half as Interesting - https://nebula.tv/hai

Follow us on Twitter: http://twitter.com/wendoverpro

Created by Adam Chase, Sam Denby, and Ben Doyle
Guest starring Michelle Khare
Editing by Adam Chase, Ben Doyle, Jack MacColl, Henry Ariza, Tyson Kroening
Supervising Producer Graham Haerther
Motion Graphics by Lili Pereira, João Pessegueiro, Dom Burgess, Elise Heersink, Derek Brown
Audio by Manni Simon, Donovan Bullen
Additional Game Design by Amy Muller
Artwork by Simon Buckmaster

Map data from OpenStreetMap: https://www.openstreetmap.org/copyright",Bvd1ozFzYu4,no location found,null
35,2024-01-03T15:30:02Z,Ep 3 - We Raced From USA's Northernmost to Southernmost Town,"Watch episode four of Jet Lag: Arctic Escape right now on Nebula: https://nebula.tv/videos/jetlag-ep-4-we-raced-from-americas-northernmost-to-southernmost-town
Get Nebula for 40% off at http://nebula.tv/jetlag

Listen to the Nebula-exclusive Layover podcast now: https://nebula.tv/thelayover

Our other channels:
Wendover Productions - https://nebula.tv/wendover
Half as Interesting - https://nebula.tv/hai

Follow us on Twitter: http://twitter.com/wendoverpro

Created by Adam Chase, Sam Denby, and Ben Doyle
Guest starring Michelle Khare
Editing by Adam Chase, Ben Doyle, Jack MacColl, Henry Ariza, Tyson Kroening
Supervising Producer Graham Haerther
Motion Graphics by Lili Pereira, João Pessegueiro, Dom Burgess, Elise Heersink, Derek Brown
Audio by Manni Simon, Donovan Bullen
Additional Game Design by Amy Muller
Artwork by Simon Buckmaster

Map data from OpenStreetMap: https://www.openstreetmap.org/copyright",9iCx-7xW5T8,no location found,null
36,2023-12-27T15:30:05Z,Ep 2 - We Raced From USA's Northernmost to Southernmost Town,"Watch episode three of Jet Lag: Arctic Escape right now on Nebula: https://nebula.tv/videos/jetlag-ep-3-we-raced-from-americas-northernmost-to-southernmost-town
Get Nebula for 40% off at http://nebula.tv/jetlag

Listen to the Nebula-exclusive Layover podcast now: https://nebula.tv/thelayover

Our other channels:
Wendover Productions - https://nebula.tv/wendover
Half as Interesting - https://nebula.tv/hai

Follow us on Twitter: http://twitter.com/wendoverpro

Created by Adam Chase, Sam Denby, and Ben Doyle
Guest starring Michelle Khare
Editing by Adam Chase, Ben Doyle, Jack MacColl, Henry Ariza, Tyson Kroening
Supervising Producer Graham Haerther
Motion Graphics by Lili Pereira, João Pessegueiro, Dom Burgess, Elise Heersink, Derek Brown
Audio by Manni Simon, Donovan Bullen
Additional Game Design by Amy Muller
Artwork by Simon Buckmaster

Map data from OpenStreetMap: https://www.openstreetmap.org/copyright",NFPQW7gQ6Ho,no location found,null
37,2023-12-20T15:30:04Z,We Raced From USA's Northernmost to Southernmost Town,"Watch episode two of Jet Lag: Arctic Escape right now on Nebula: https://nebula.tv/videos/jetlag-ep-2-we-raced-from-americas-northernmost-to-southernmost-town
Get Nebula for 40% off at http://nebula.tv/jetlag

Get $20 off an annual Nebula subscription by signing up at http://go.nebula.tv/jetlag

Listen to the Nebula-exclusive Layover podcast now: https://nebula.tv/thelayover

Our other channels:
Wendover Productions - https://nebula.tv/wendover
Half as Interesting - https://nebula.tv/hai

Follow us on Twitter: http://twitter.com/wendoverpro

Created by Adam Chase, Sam Denby, and Ben Doyle
Guest starring Michelle Khare
Editing by Adam Chase, Ben Doyle, Jack MacColl, Henry Ariza, Tyson Kroening
Supervising Producer Graham Haerther
Motion Graphics by Lili Pereira, João Pessegueiro, Dom Burgess, Elise Heersink, Derek Brown
Audio by Manni Simon, Donovan Bullen
Additional Game Design by Amy Muller
Artwork by Simon Buckmaster

Map data from OpenStreetMap: https://www.openstreetmap.org/copyright",Qfb9eVgksms,no location found,null
38,2023-12-06T16:19:12Z,Jet Lag Season 8 - Trailer,"Watch Jet Lag first at http://nebula.tv/jetlag

Trailer by Josh Sammons",0c2hgRtGO94,no location found,null
39,2023-10-18T14:30:30Z,Finale — We Played a 72 Hour Game of Tag Across Europe (Again),"Watch the season finale right now on Nebula: https://nebula.tv/videos/jetlag-ep-6-we-played-a-72-hour-game-of-tag-across-europe-again
Get $20 off an annual Nebula subscription by signing up at http://go.nebula.tv/jetlag

Listen to the Nebula-exclusive Layover podcast now: https://nebula.tv/thelayover

Our other channels:
Wendover Productions - https://nebula.tv/wendover
Half as Interesting - https://nebula.tv/hai

Follow us on Twitter: http://twitter.com/wendoverpro

Created by Adam Chase, Sam Denby, and Ben Doyle
Editing by Adam Chase, Ben Doyle, Henry Ariza, Tyson Kroening
Supervising Producer Graham Haerther
Motion Graphics by Lili Pereira, João Pessegueiro, Dom Burgess, Elise Heersink, Derek Brown
Audio by Manni Simon, Donovan Bullen
Additional Game Design by Amy Muller
Artwork by Simon Buckmaster

Map data from OpenStreetMap: https://www.openstreetmap.org/copyright",vXthU0h0pOQ,no location found,null
40,2023-10-11T14:30:00Z,Ep 5 — We Played a 72 Hour Game of Tag Across Europe (Again),"Watch the season finale right now on Nebula: https://nebula.tv/videos/jetlag-ep-6-we-played-a-72-hour-game-of-tag-across-europe-again
Get $20 off an annual Nebula subscription by signing up at http://go.nebula.tv/jetlag

Listen to the Nebula-exclusive Layover podcast now: https://nebula.tv/thelayover

Our other channels:
Wendover Productions - https://nebula.tv/wendover
Half as Interesting - https://nebula.tv/hai

Follow us on Twitter: http://twitter.com/wendoverpro

Created by Adam Chase, Sam Denby, and Ben Doyle
Editing by Adam Chase, Ben Doyle, Henry Ariza, Tyson Kroening
Supervising Producer Graham Haerther
Motion Graphics by Lili Pereira, João Pessegueiro, Dom Burgess, Elise Heersink, Derek Brown
Audio by Manni Simon, Donovan Bullen
Additional Game Design by Amy Muller
Artwork by Simon Buckmaster
Wes Anderson Guest Edit by Patrick Willems

Map data from OpenStreetMap: https://www.openstreetmap.org/copyright",-EZ2KXl1Xcw,no location found,null
41,2023-10-04T14:36:29Z,Ep 4 — We Played a 72 Hour Game of Tag Across Europe (Again),"Watch episode five right now on Nebula: https://nebula.tv/videos/jetlag-ep-5-we-played-a-72-hour-game-of-tag-across-europe-again
Get $20 off an annual Nebula subscription by signing up at http://go.nebula.tv/jetlag

Listen to the Nebula-exclusive Layover podcast now: https://nebula.tv/thelayover

Our other channels:
Wendover Productions - https://nebula.tv/wendover
Half as Interesting - https://nebula.tv/hai

Follow us on Twitter: http://twitter.com/wendoverpro

Created by Adam Chase, Sam Denby, and Ben Doyle
Editing by Adam Chase, Ben Doyle, Henry Ariza, Tyson Kroening
Supervising Producer Graham Haerther
Motion Graphics by Lili Pereira, João Pessegueiro, Dom Burgess, Elise Heersink, Derek Brown
Audio by Manni Simon, Donovan Bullen
Additional Game Design by Amy Muller
Artwork by Simon Buckmaster

Map data from OpenStreetMap: https://www.openstreetmap.org/copyright",fAq_654T_GM,no location found,null
42,2023-09-27T14:32:41Z,Ep 3 — We Played a 72 Hour Game of Tag Across Europe (Again),"Watch episode four right now on Nebula: https://nebula.tv/videos/jetlag-ep-4-we-played-a-72-hour-game-of-tag-across-europe-again
Get $20 off an annual Nebula subscription by signing up at http://go.nebula.tv/jetlag

Listen to the Nebula-exclusive Layover podcast now: https://nebula.tv/thelayover

Our other channels:
Wendover Productions - https://nebula.tv/wendover
Half as Interesting - https://nebula.tv/hai

Follow us on Twitter: http://twitter.com/wendoverpro

Created by Adam Chase, Sam Denby, and Ben Doyle
Editing by Adam Chase, Ben Doyle, Henry Ariza, Tyson Kroening
Supervising Producer Graham Haerther
Motion Graphics by Lili Pereira, João Pessegueiro, Dom Burgess, Elise Heersink, Derek Brown
Audio by Manni Simon, Donovan Bullen
Additional Game Design by Amy Muller
Artwork by Simon Buckmaster

Map data from OpenStreetMap: https://www.openstreetmap.org/copyright",jrTIrJmph2A,no location found,null
43,2023-09-20T14:30:08Z,Ep 2 — We Played a 72 Hour Game of Tag Across Europe (Again),"Watch episode three right now on Nebula: https://nebula.tv/videos/jetlag-ep-3-we-played-a-72-hour-game-of-tag-across-europe-again
Get $20 off an annual Nebula subscription by signing up at http://go.nebula.tv/jetlag

Listen to the Nebula-exclusive Layover podcast now: https://nebula.tv/thelayover

Our other channels:
Wendover Productions - https://nebula.tv/wendover
Half as Interesting - https://nebula.tv/hai

Follow us on Twitter: http://twitter.com/wendoverpro

Created by Adam Chase, Sam Denby, and Ben Doyle
Editing by Adam Chase, Ben Doyle, Henry Ariza, Tyson Kroening
Supervising Producer Graham Haerther
Motion Graphics by Lili Pereira, João Pessegueiro, Dom Burgess, Elise Heersink, Derek Brown
Audio by Manni Simon, Donovan Bullen
Additional Game Design by Amy Muller
Artwork by Simon Buckmaster

Map data from OpenStreetMap: https://www.openstreetmap.org/copyright",PL1FHzZP_nM,no location found,null
44,2023-09-13T14:30:07Z,We Played a 72 Hour Game of Tag Across Europe (Again),"Watch episode two right now on Nebula: https://nebula.tv/videos/jetlag-ep-2-we-played-a-72-hour-game-of-tag-across-europe-again
Get $20 off an annual Nebula subscription by signing up at http://go.nebula.tv/jetlag

Listen to the Nebula-exclusive Layover podcast now: https://nebula.tv/thelayover

Our other channels:
Wendover Productions - https://nebula.tv/wendover
Half as Interesting - https://nebula.tv/hai

Follow us on Twitter: http://twitter.com/wendoverpro

Created by Adam Chase, Sam Denby, and Ben Doyle
Editing by Adam Chase, Ben Doyle, Henry Ariza, Tyson Kroening
Supervising Producer Graham Haerther
Motion Graphics by Lili Pereira, João Pessegueiro, Dom Burgess, Elise Heersink, Derek Brown
Audio by Manni Simon, Donovan Bullen
Additional Game Design by Amy Muller
Artwork by Simon Buckmaster",IV1dbqcg9bI,no location found,null
45,2023-07-19T15:12:10Z,Ep 7 - Playing a 96 Hr Game Of Capture The Flag Across Japan,"Get $20 off an annual Nebula subscription by signing up at http://go.nebula.tv/jetlag
Listen to the Nebula-exclusive Layover podcast now: https://nebula.tv/thelayover

Listen to the aftershow podcast only on Nebula: https://nebula.tv/thelayover

Our other channels:
Wendover Productions - https://nebula.tv/wendover
Half as Interesting - https://nebula.tv/hai

Follow us on Twitter: http://twitter.com/wendoverpro

Created by Adam Chase, Sam Denby, and Ben Doyle
Featuring Scotty Allen (https://www.youtube.com/@StrangeParts)
Editing by Adam Chase, Ben Doyle, Henry Ariza, Tyson Kroening
Supervising Producer Graham Haerther
Motion Graphics by Lili Pereira, João Pessegueiro, Dom Burgess, Elise Heersink, Derek Brown
Audio by Manni Simon, Donovan Bullen
Additional Game Design by Amy Muller
Artwork by Simon Buckmaster
Chibis by Twitchy Sparrow",cowxr0CqFrw,japan,"{""type"": ""FeatureCollection"", ""licence"": ""Data \u00a9 OpenStreetMap contributors, ODbL 1.0. http://osm.org/copyright"", ""features"": [{""type"": ""Feature"", ""properties"": {""place_id"": 244025455, ""osm_type"": ""relation"", ""osm_id"": 382313, ""place_rank"": 4, ""category"": ""boundary"", ""type"": ""administrative"", ""importance"": 0.9315776534175355, ""addresstype"": ""country"", ""name"": ""\u65e5\u672c"", ""display_name"": ""\u65e5\u672c""}, ""bbox"": [122.7141754, 20.2145811, 154.205541, 45.7112046], ""geometry"": {""type"": ""Point"", ""coordinates"": [139.2394179, 36.5748441]}}]}"
46,2023-07-12T14:30:03Z,Ep 6 - Playing a 96 Hr Game Of Capture The Flag Across Japan,"Get $20 off an annual Nebula subscription by signing up at http://go.nebula.tv/jetlag
Watch episode the season finale now at https://nebula.tv/videos/jetlag-ep-7-we-played-a-96hour-game-of-capture-the-flag-across-japan

Listen to the aftershow podcast only on Nebula: https://nebula.tv/thelayover

Our other channels:
Wendover Productions - https://nebula.tv/wendover
Half as Interesting - https://nebula.tv/hai

Follow us on Twitter: http://twitter.com/wendoverpro

Created by Adam Chase, Sam Denby, and Ben Doyle
Featuring Scotty Allen (https://www.youtube.com/@StrangeParts)
Editing by Adam Chase, Ben Doyle, Henry Ariza, Tyson Kroening
Supervising Producer Graham Haerther
Motion Graphics by Lili Pereira, João Pessegueiro, Dom Burgess, Elise Heersink, Derek Brown
Audio by Manni Simon, Donovan Bullen
Additional Game Design by Amy Muller
Artwork by Simon Buckmaster
Chibis by Twitchy Sparrow",7PMpQEdWnYc,japan,"{""type"": ""FeatureCollection"", ""licence"": ""Data \u00a9 OpenStreetMap contributors, ODbL 1.0. http://osm.org/copyright"", ""features"": [{""type"": ""Feature"", ""properties"": {""place_id"": 244025455, ""osm_type"": ""relation"", ""osm_id"": 382313, ""place_rank"": 4, ""category"": ""boundary"", ""type"": ""administrative"", ""importance"": 0.9315776534175355, ""addresstype"": ""country"", ""name"": ""\u65e5\u672c"", ""display_name"": ""\u65e5\u672c""}, ""bbox"": [122.7141754, 20.2145811, 154.205541, 45.7112046], ""geometry"": {""type"": ""Point"", ""coordinates"": [139.2394179, 36.5748441]}}]}"
47,2023-07-05T14:48:32Z,Ep 5 - Playing a 96 Hr Game Of Capture The Flag Across Japan,"Get $20 off an annual Nebula subscription by signing up at http://go.nebula.tv/jetlag
Watch episode three now at https://nebula.tv/videos/jetlag-ep-6-we-played-a-96hour-game-of-capture-the-flag-across-japan

Listen to the aftershow podcast only on Nebula: https://nebula.tv/thelayover

Our other channels:
Wendover Productions - https://nebula.tv/wendover
Half as Interesting - https://nebula.tv/hai

Follow us on Twitter: http://twitter.com/wendoverpro

Created by Adam Chase, Sam Denby, and Ben Doyle
Featuring Scotty Allen (https://www.youtube.com/@StrangeParts)
Editing by Adam Chase, Ben Doyle, Henry Ariza, Tyson Kroening
Supervising Producer Graham Haerther
Motion Graphics by Lili Pereira, João Pessegueiro, Dom Burgess, Elise Heersink, Derek Brown
Audio by Manni Simon, Donovan Bullen
Artwork by Simon Buckmaster
Additional Game Design by Amy Muller
Chibis by Twitchy Sparrow",URwX2L0twZs,no location found,null
48,2023-06-28T14:31:05Z,Ep 4 - Playing a 96 Hr Game Of Capture The Flag Across Japan,"Get $20 off an annual Nebula subscription by signing up at http://go.nebula.tv/jetlag
Watch episode three now at https://nebula.tv/videos/jetlag-ep-5-we-played-a-96hour-game-of-capture-the-flag-across-japan

Listen to the aftershow podcast only on Nebula: https://nebula.tv/thelayover

Our other channels:
Wendover Productions - https://nebula.tv/wendover
Half as Interesting - https://nebula.tv/hai

Follow us on Twitter: http://twitter.com/wendoverpro

Created by Adam Chase, Sam Denby, and Ben Doyle
Featuring Scotty Allen (https://www.youtube.com/@StrangeParts)
Editing by Adam Chase, Ben Doyle, Henry Ariza, Tyson Kroening
Supervising Producer Graham Haerther
Motion Graphics by Lili Pereira, João Pessegueiro, Dom Burgess, Elise Heersink, Derek Brown
Audio by Manni Simon, Donovan Bullen
Artwork by Simon Buckmaster
Additional Game Design by Amy Muller
Chibis by Twitchy Sparrow",psV10AE_znY,no location found,null
49,2023-06-21T14:30:03Z,Ep 3 - Playing a 96 Hr Game Of Capture The Flag Across Japan,"Get $20 off an annual Nebula subscription by signing up at http://go.nebula.tv/jetlag
Watch episode three now at https://nebula.tv/videos/jetlag-ep-4-we-played-a-96hour-game-of-capture-the-flag-across-japan

Listen to the aftershow podcast only on Nebula: https://nebula.tv/thelayover

Our other channels:
Wendover Productions - https://nebula.tv/wendover
Half as Interesting - https://nebula.tv/hai

Follow us on Twitter: http://twitter.com/wendoverpro

Created by Adam Chase, Sam Denby, and Ben Doyle
Featuring Scotty Allen (https://www.youtube.com/@StrangeParts)
Editing by Adam Chase, Ben Doyle, Henry Ariza, Tyson Kroening
Supervising Producer Graham Haerther
Motion Graphics by Lili Pereira, João Pessegueiro, Dom Burgess, Elise Heersink, Derek Brown
Audio by Manni Simon, Donovan Bullen
Artwork by Simon Buckmaster
Additional Game Design by Amy Muller
Chibis by Twitchy Sparrow",7S54BYznHi8,japan,"{""type"": ""FeatureCollection"", ""licence"": ""Data \u00a9 OpenStreetMap contributors, ODbL 1.0. http://osm.org/copyright"", ""features"": [{""type"": ""Feature"", ""properties"": {""place_id"": 244025455, ""osm_type"": ""relation"", ""osm_id"": 382313, ""place_rank"": 4, ""category"": ""boundary"", ""type"": ""administrative"", ""importance"": 0.9315776534175355, ""addresstype"": ""country"", ""name"": ""\u65e5\u672c"", ""display_name"": ""\u65e5\u672c""}, ""bbox"": [122.7141754, 20.2145811, 154.205541, 45.7112046], ""geometry"": {""type"": ""Point"", ""coordinates"": [139.2394179, 36.5748441]}}]}"
50,2023-06-14T15:06:01Z,Ep 2 - Playing a 96 Hr Game Of Capture The Flag Across Japan,"Get $20 off an annual Nebula subscription by signing up at http://go.nebula.tv/jetlag
Watch episode three now at https://nebula.tv/videos/jetlag-ep-3-we-played-a-96hour-game-of-capture-the-flag-across-japan

Listen to the aftershow podcast only on Nebula: https://nebula.tv/thelayover

Our other channels:
Wendover Productions - https://nebula.tv/wendover
Half as Interesting - https://nebula.tv/hai

Follow us on Twitter: http://twitter.com/wendoverpro

Created by Adam Chase, Sam Denby, and Ben Doyle
Featuring Scotty Allen (https://www.youtube.com/@StrangeParts)
Editing by Adam Chase, Ben Doyle, Henry Ariza, Tyson Kroening
Supervising Producer Graham Haerther
Motion Graphics by Lili Pereira, João Pessegueiro, Dom Burgess, Elise Heersink, Derek Brown
Audio by Manni Simon, Donovan Bullen
Artwork by Simon Buckmaster
Additional Game Design by Amy Muller
Chibis by Twitchy Sparrow",jlF5DOnlosE,japan,"{""type"": ""FeatureCollection"", ""licence"": ""Data \u00a9 OpenStreetMap contributors, ODbL 1.0. http://osm.org/copyright"", ""features"": [{""type"": ""Feature"", ""properties"": {""place_id"": 244025455, ""osm_type"": ""relation"", ""osm_id"": 382313, ""place_rank"": 4, ""category"": ""boundary"", ""type"": ""administrative"", ""importance"": 0.9315776534175355, ""addresstype"": ""country"", ""name"": ""\u65e5\u672c"", ""display_name"": ""\u65e5\u672c""}, ""bbox"": [122.7141754, 20.2145811, 154.205541, 45.7112046], ""geometry"": {""type"": ""Point"", ""coordinates"": [139.2394179, 36.5748441]}}]}"
51,2023-06-07T14:30:03Z,We Played A 96 Hour Game Of Capture The Flag Across Japan,"Get $20 off an annual Nebula subscription by signing up at http://go.nebula.tv/jetlag
Watch episode two now at https://nebula.tv/videos/jetlag-ep-2-we-played-a-96hour-game-of-capture-the-flag-across-japan

Listen to the aftershow podcast only on Nebula: https://nebula.tv/thelayover

Our other channels:
Wendover Productions - https://nebula.tv/wendover
Half as Interesting - https://nebula.tv/hai

Follow us on Twitter: http://twitter.com/wendoverpro

Created by Adam Chase, Sam Denby, and Ben Doyle
Featuring Scotty Allen (https://www.youtube.com/@StrangeParts)
Editing by Adam Chase, Ben Doyle, Henry Ariza, Tyson Kroening
Supervising Producer Graham Haerther
Motion Graphics by Lili Pereira, João Pessegueiro, Dom Burgess, Elise Heersink, Derek Brown
Audio by Manni Simon, Donovan Bullen
Artwork by Simon Buckmaster
Additional Game Design by Amy Muller
Chibis by Twitchy Sparrow",8ZM_hPF1hsY,japan,"{""type"": ""FeatureCollection"", ""licence"": ""Data \u00a9 OpenStreetMap contributors, ODbL 1.0. http://osm.org/copyright"", ""features"": [{""type"": ""Feature"", ""properties"": {""place_id"": 244025455, ""osm_type"": ""relation"", ""osm_id"": 382313, ""place_rank"": 4, ""category"": ""boundary"", ""type"": ""administrative"", ""importance"": 0.9315776534175355, ""addresstype"": ""country"", ""name"": ""\u65e5\u672c"", ""display_name"": ""\u65e5\u672c""}, ""bbox"": [122.7141754, 20.2145811, 154.205541, 45.7112046], ""geometry"": {""type"": ""Point"", ""coordinates"": [139.2394179, 36.5748441]}}]}"
52,2023-04-26T14:30:02Z,Ep 8 - We Turned New Zealand Into a Real-Life Board Game,"Get $20 off an annual Nebula subscription by signing up at http://go.nebula.tv/jetlag

Listen to the aftershow podcast only on Nebula: https://nebula.tv/thelayover

Our other channels:
Wendover Productions - https://nebula.tv/wendover
Half as Interesting - https://nebula.tv/hai

Follow us on Twitter: http://twitter.com/wendoverpro

Created by Adam Chase, Sam Denby, and Ben Doyle
Featuring Toby Hendy (@tibees )
Editing by Adam Chase, Ben Doyle, Henry Ariza
Motion Graphics by Lili Pereira, Dom Burgess , João Pessegueiro, Parker Simmons, Derek Brown, Elise Heersink, Sara Stoltman, Max Moser
Audio by Manni Simon, Donovan Bullen
Supervising Producer Graham Haerther
Artwork by Simon Buckmaster",35GVK6iOnbY,new zealand,"{""type"": ""FeatureCollection"", ""licence"": ""Data \u00a9 OpenStreetMap contributors, ODbL 1.0. http://osm.org/copyright"", ""features"": [{""type"": ""Feature"", ""properties"": {""place_id"": 28885810, ""osm_type"": ""relation"", ""osm_id"": 556706, ""place_rank"": 4, ""category"": ""boundary"", ""type"": ""administrative"", ""importance"": 0.8456998783396841, ""addresstype"": ""country"", ""name"": ""New Zealand / Aotearoa"", ""display_name"": ""New Zealand / Aotearoa""}, ""bbox"": [-179.059153, -52.8213687, 179.3643594, -29.0303303], ""geometry"": {""type"": ""Point"", ""coordinates"": [172.8344077, -41.5000831]}}]}"
53,2023-04-19T14:30:05Z,Ep 7 - We Turned New Zealand Into a Real-Life Board Game,"Watch the finale of Jet Lag right now on Nebula: https://nebula.tv/videos/jetlag-ep-8-we-turned-new-zealand-into-a-giant-reallife-board-game
Get $20 off an annual Nebula subscription by signing up at http://go.nebula.tv/jetlag

Listen to the aftershow podcast only on Nebula: https://nebula.tv/thelayover

Our other channels:
Wendover Productions - https://nebula.tv/wendover
Half as Interesting - https://nebula.tv/hai

Follow us on Twitter: http://twitter.com/wendoverpro

Created by Adam Chase, Sam Denby, and Ben Doyle
Featuring Toby Hendy (@tibees )
Editing by Adam Chase, Ben Doyle, Henry Ariza
Motion Graphics by Lili Pereira, Dom Burgess , João Pessegueiro, Parker Simmons, Derek Brown, Elise Heersink, Sara Stoltman, Max Moser
Audio by Manni Simon, Donovan Bullen
Supervising Producer Graham Haerther
Artwork by Simon Buckmaster",7o7QkGmO-fg,new zealand,"{""type"": ""FeatureCollection"", ""licence"": ""Data \u00a9 OpenStreetMap contributors, ODbL 1.0. http://osm.org/copyright"", ""features"": [{""type"": ""Feature"", ""properties"": {""place_id"": 28885810, ""osm_type"": ""relation"", ""osm_id"": 556706, ""place_rank"": 4, ""category"": ""boundary"", ""type"": ""administrative"", ""importance"": 0.8456998783396841, ""addresstype"": ""country"", ""name"": ""New Zealand / Aotearoa"", ""display_name"": ""New Zealand / Aotearoa""}, ""bbox"": [-179.059153, -52.8213687, 179.3643594, -29.0303303], ""geometry"": {""type"": ""Point"", ""coordinates"": [172.8344077, -41.5000831]}}]}"
54,2023-04-12T14:30:15Z,Ep 6 - We Turned New Zealand Into a Real-Life Board Game,"Watch the next episode of Jet Lag right now on Nebula: https://nebula.tv/videos/jetlag-ep-7-we-turned-new-zealand-into-a-giant-reallife-board-game
Get $20 off an annual Nebula subscription by signing up at http://go.nebula.tv/jetlag

Listen to the aftershow podcast only on Nebula: https://nebula.tv/thelayover

Our other channels:
Wendover Productions - https://nebula.tv/wendover
Half as Interesting - https://nebula.tv/hai

Follow us on Twitter: http://twitter.com/wendoverpro

Created by Adam Chase, Sam Denby, and Ben Doyle
Featuring Toby Hendy (@tibees )
Editing by Adam Chase, Ben Doyle, Henry Ariza
Motion Graphics by Lili Pereira, Dom Burgess , João Pessegueiro, Parker Simmons, Derek Brown, Elise Heersink, Sara Stoltman, Max Moser
Audio by Manni Simon, Donovan Bullen
Supervising Producer Graham Haerther
Artwork by Simon Buckmaster",nfRlal2bTqI,new zealand,"{""type"": ""FeatureCollection"", ""licence"": ""Data \u00a9 OpenStreetMap contributors, ODbL 1.0. http://osm.org/copyright"", ""features"": [{""type"": ""Feature"", ""properties"": {""place_id"": 28885810, ""osm_type"": ""relation"", ""osm_id"": 556706, ""place_rank"": 4, ""category"": ""boundary"", ""type"": ""administrative"", ""importance"": 0.8456998783396841, ""addresstype"": ""country"", ""name"": ""New Zealand / Aotearoa"", ""display_name"": ""New Zealand / Aotearoa""}, ""bbox"": [-179.059153, -52.8213687, 179.3643594, -29.0303303], ""geometry"": {""type"": ""Point"", ""coordinates"": [172.8344077, -41.5000831]}}]}"
55,2023-04-05T14:34:37Z,Ep 5 - We Turned New Zealand Into a Real-Life Board Game,"Sign up for a lifetime Nebula subscription for a limited time at http://go.nebula.tv/lifetime?ref=jetlag

Watch the next episode of Jet Lag right now on Nebula: https://nebula.tv/videos/jetlag-ep-6-we-turned-new-zealand-into-a-giant-reallife-board-game
Get $20 off an annual Nebula subscription by signing up at http://go.nebula.tv/jetlag

Listen to the aftershow podcast only on Nebula: https://nebula.tv/thelayover

Our other channels:
Wendover Productions - https://nebula.tv/wendover
Half as Interesting - https://nebula.tv/hai

Follow us on Twitter: http://twitter.com/wendoverpro

Created by Adam Chase, Sam Denby, and Ben Doyle
Featuring Toby Hendy (@tibees )
Editing by Adam Chase, Ben Doyle, Henry Ariza
Motion Graphics by Lili Pereira, Dom Burgess , João Pessegueiro, Parker Simmons, Derek Brown, Elise Heersink, Sara Stoltman, Max Moser
Audio by Manni Simon, Donovan Bullen
Supervising Producer Graham Haerther
Artwork by Simon Buckmaster",8FMN7zHB5BA,no location found,null
56,2023-03-29T14:31:00Z,Ep 4 - We Turned New Zealand Into a Real-Life Board Game,"Watch the next episode of Jet Lag right now on Nebula: https://nebula.tv/videos/jetlag-ep-5-we-turned-new-zealand-into-a-giant-reallife-board-game
Get $20 off an annual Nebula subscription by signing up at http://go.nebula.tv/jetlag

Listen to the aftershow podcast only on Nebula: https://nebula.tv/thelayover

Our other channels:
Wendover Productions - https://nebula.tv/wendover
Half as Interesting - https://nebula.tv/hai

Follow us on Twitter: http://twitter.com/wendoverpro

Created by Adam Chase, Sam Denby, and Ben Doyle
Featuring Toby Hendy (@tibees)
Editing by Adam Chase, Ben Doyle, Henry Ariza
Motion Graphics by Lili Pereira, Dom Burgess , João Pessegueiro, Parker Simmons, Derek Brown, Elise Heersink, Sara Stoltman, Max Moser
Audio by Manni Simon, Donovan Bullen
Supervising Producer Graham Haerther
Artwork by Simon Buckmaster",ZBgUP81d-GA,new zealand,"{""type"": ""FeatureCollection"", ""licence"": ""Data \u00a9 OpenStreetMap contributors, ODbL 1.0. http://osm.org/copyright"", ""features"": [{""type"": ""Feature"", ""properties"": {""place_id"": 28885810, ""osm_type"": ""relation"", ""osm_id"": 556706, ""place_rank"": 4, ""category"": ""boundary"", ""type"": ""administrative"", ""importance"": 0.8456998783396841, ""addresstype"": ""country"", ""name"": ""New Zealand / Aotearoa"", ""display_name"": ""New Zealand / Aotearoa""}, ""bbox"": [-179.059153, -52.8213687, 179.3643594, -29.0303303], ""geometry"": {""type"": ""Point"", ""coordinates"": [172.8344077, -41.5000831]}}]}"
57,2023-03-22T15:00:23Z,Ep 3 - We Turned New Zealand Into a Real-Life Board Game,"Watch the next episode of Jet Lag right now on Nebula: https://nebula.tv/videos/jetlag-ep-4-we-turned-new-zealand-into-a-giant-reallife-board-game
Get $20 off an annual Nebula subscription by signing up at http://go.nebula.tv/jetlag

Listen to the aftershow podcast only on Nebula: https://nebula.tv/thelayover

Our other channels:
Wendover Productions - https://nebula.tv/wendover
Half as Interesting - https://nebula.tv/hai

Follow us on Twitter: http://twitter.com/wendoverpro

Created by Adam Chase, Sam Denby, and Ben Doyle
Featuring Toby Hendy (@tibees)
Editing by Adam Chase, Ben Doyle, Henry Ariza
Motion Graphics by Lili Pereira, Dom Burgess , João Pessegueiro, Parker Simmons, Derek Brown, Elise Heersink, Sara Stoltman, Max Moser
Audio by Manni Simon, Donovan Bullen
Supervising Producer Graham Haerther
Artwork by Simon Buckmaster",C30lQzcEhx0,new zealand,"{""type"": ""FeatureCollection"", ""licence"": ""Data \u00a9 OpenStreetMap contributors, ODbL 1.0. http://osm.org/copyright"", ""features"": [{""type"": ""Feature"", ""properties"": {""place_id"": 28885810, ""osm_type"": ""relation"", ""osm_id"": 556706, ""place_rank"": 4, ""category"": ""boundary"", ""type"": ""administrative"", ""importance"": 0.8456998783396841, ""addresstype"": ""country"", ""name"": ""New Zealand / Aotearoa"", ""display_name"": ""New Zealand / Aotearoa""}, ""bbox"": [-179.059153, -52.8213687, 179.3643594, -29.0303303], ""geometry"": {""type"": ""Point"", ""coordinates"": [172.8344077, -41.5000831]}}]}"
58,2023-03-15T14:31:05Z,Ep 2 - We Turned New Zealand Into a Real-Life Board Game,"Watch the next episode of Jet Lag right now on Nebula: https://nebula.tv/videos/jetlag-ep-3-we-turned-new-zealand-into-a-giant-reallife-board-game
Get $20 off an annual Nebula subscription by signing up at http://go.nebula.tv/jetlag

Listen to the aftershow podcast only on Nebula: https://nebula.tv/thelayover

Our other channels:
Wendover Productions - https://nebula.tv/wendover
Half as Interesting - https://nebula.tv/hai

Follow us on Twitter: http://twitter.com/wendoverpro

Created by Adam Chase, Sam Denby, and Ben Doyle
Featuring Toby Hendy (@tibees )
Editing by Adam Chase, Ben Doyle, Henry Ariza
Motion Graphics by Lili Pereira, Dom Burgess , João Pessegueiro, Parker Simmons, Derek Brown, Elise Heersink, Sara Stoltman, Max Moser
Audio by Manni Simon, Donovan Bullen
Supervising Producer Graham Haerther
Artwork by Simon Buckmaster",hfOy7pb0xXk,new zealand,"{""type"": ""FeatureCollection"", ""licence"": ""Data \u00a9 OpenStreetMap contributors, ODbL 1.0. http://osm.org/copyright"", ""features"": [{""type"": ""Feature"", ""properties"": {""place_id"": 28885810, ""osm_type"": ""relation"", ""osm_id"": 556706, ""place_rank"": 4, ""category"": ""boundary"", ""type"": ""administrative"", ""importance"": 0.8456998783396841, ""addresstype"": ""country"", ""name"": ""New Zealand / Aotearoa"", ""display_name"": ""New Zealand / Aotearoa""}, ""bbox"": [-179.059153, -52.8213687, 179.3643594, -29.0303303], ""geometry"": {""type"": ""Point"", ""coordinates"": [172.8344077, -41.5000831]}}]}"
59,2023-03-08T15:32:23Z,We Turned New Zealand Into a Real-Life Board Game,"Watch the next episode of Jet Lag right now on Nebula: https://nebula.tv/videos/jetlag-ep-2-we-turned-new-zealand-into-a-giant-reallife-board-game
Get $20 off an annual Nebula subscription by signing up at http://go.nebula.tv/jetlag

Listen to the aftershow podcast only on Nebula: https://nebula.tv/thelayover

Our other channels:
Wendover Productions - https://nebula.tv/wendover
Half as Interesting - https://nebula.tv/hai

Follow us on Twitter: http://twitter.com/wendoverpro

Created by Adam Chase, Sam Denby, and Ben Doyle
Featuring Toby Hendy ( @tibees )
Editing by Adam Chase, Ben Doyle, Henry Ariza
Motion Graphics by Lili Pereira, Dom Burgess , João Pessegueiro, Parker Simmons, Derek Brown, Elise Heersink, Sara Stoltman, Max Moser
Audio by Manni Simon, Donovan Bullen
Supervising Producer Graham Haerther
Artwork by Simon Buckmaster",LxLgmsmvXOE,new zealand,"{""type"": ""FeatureCollection"", ""licence"": ""Data \u00a9 OpenStreetMap contributors, ODbL 1.0. http://osm.org/copyright"", ""features"": [{""type"": ""Feature"", ""properties"": {""place_id"": 28885810, ""osm_type"": ""relation"", ""osm_id"": 556706, ""place_rank"": 4, ""category"": ""boundary"", ""type"": ""administrative"", ""importance"": 0.8456998783396841, ""addresstype"": ""country"", ""name"": ""New Zealand / Aotearoa"", ""display_name"": ""New Zealand / Aotearoa""}, ""bbox"": [-179.059153, -52.8213687, 179.3643594, -29.0303303], ""geometry"": {""type"": ""Point"", ""coordinates"": [172.8344077, -41.5000831]}}]}"
60,2023-01-11T16:43:06Z,We Raced To Visit The Most US States In 100 Hrs - Finale,"Watch the after show for this season of Jet Lag right now on Nebula: 
https://nebula.tv/videos/jetlag-jet-lag-the-layover-season-4
Get $20 off an annual Nebula subscription by signing up at http://go.nebula.tv/jetlag

This season, follow Adam and Ben versus Sam and Brian as they travel across the country competing for control over the most US states. They’ll have 4 days to travel to as many states as possible, complete challenges from their deck, and desperately try to defend their territory from this season’s newest twist: battles.

Our other channels:
Wendover Productions - http://youtube.com/wendoverproductions
Half as Interesting - http://youtube.com/halfasinteresting

Follow us on Twitter: http://twitter.com/wendoverpro

Created by Adam Chase, Sam Denby, and Ben Doyle
Editing by Adam Chase, Ben Doyle, Henry Ariza, Ryan Alva
Motion Graphics by Lili Pereira, Max Moser, Josh Sherrington, Maddy Haynes, Sara Stoltman, Aelee Vang, Derek Brown, Mikaila Blackburn, Neel Sawant, Parker Simmons
Audio by Manni Simon, Donovan Bullen
Supervising Producer Graham Haerther
Artwork by Simon Buckmaster

The production has offset 10x its estimated carbon impact through The Wren climate portfolio: https://www.wren.co/profile/wendoverproductions",RnSUaZEwYq4,no location found,null
61,2023-01-04T15:30:12Z,We Raced To Visit The Most US States In 100 Hrs - Day 4,"Watch the next episode of Jet Lag right now on Nebula: 
https://nebula.tv/videos/jetlag-ep-5-we-raced-to-visit-the-most-us-states-in-100-hours
Get $20 off an annual Nebula subscription by signing up at http://go.nebula.tv/jetlag

This season, follow Adam and Ben versus Sam and Brian as they travel across the country competing for control over the most US states. They’ll have 4 days to travel to as many states as possible, complete challenges from their deck, and desperately try to defend their territory from this season’s newest twist: battles.

Our other channels:
Wendover Productions - http://youtube.com/wendoverproductions
Half as Interesting - http://youtube.com/halfasinteresting

Follow us on Twitter: http://twitter.com/wendoverpro

Created by Adam Chase, Sam Denby, and Ben Doyle
Editing by Adam Chase, Ben Doyle, Henry Ariza, Ryan Alva
Motion Graphics by Lili Pereira, Max Moser, Josh Sherrington, Maddy Haynes, Sara Stoltman, Aelee Vang, Derek Brown, Mikaila Blackburn, Neel Sawant, Parker Simmons
Audio by Manni Simon, Donovan Bullen
Supervising Producer Graham Haerther
Artwork by Simon Buckmaster

The production has offset 10x its estimated carbon impact through The Wren climate portfolio: https://www.wren.co/profile/wendoverproductions",2NPGrKItt3E,no location found,null
62,2022-12-28T15:31:33Z,We Raced To Visit The Most US States In 100 Hrs - Day 3,"Watch the next episode of Jet Lag right now on Nebula: 
https://nebula.tv/videos/jetlag-ep-4-we-raced-to-visit-the-most-us-states-in-100-hours
Get $20 off an annual Nebula subscription by signing up at http://go.nebula.tv/jetlag

This season, follow Adam and Ben versus Sam and Brian as they travel across the country competing for control over the most US states. They’ll have 4 days to travel to as many states as possible, complete challenges from their deck, and desperately try to defend their territory from this season’s newest twist: battles.

Our other channels:
Wendover Productions - http://youtube.com/wendoverproductions
Half as Interesting - http://youtube.com/halfasinteresting

Follow us on Twitter: http://twitter.com/wendoverpro

Created by Adam Chase, Sam Denby, and Ben Doyle
Editing by Adam Chase, Ben Doyle, Henry Ariza, Ryan Alva
Motion Graphics by Lili Pereira, Max Moser, Josh Sherrington, Maddy Haynes, Sara Stoltman, Aelee Vang, Derek Brown, Mikaila Blackburn, Neel Sawant, Parker Simmons
Audio by Manni Simon, Donovan Bullen
Supervising Producer Graham Haerther
Artwork by Simon Buckmaster

The production has offset 10x its estimated carbon impact through The Wren climate portfolio: https://www.wren.co/profile/wendoverproductions",qXJ0FRHHEZI,no location found,null
63,2022-12-21T15:44:03Z,We Raced To Visit The Most US States In 100 Hrs - Day 2,"Watch the next episode of Jet Lag right now on Nebula: https://nebula.tv/videos/jetlag-ep-3-we-raced-to-visit-the-most-us-states-in-100-hours
Get $20 off an annual Nebula subscription by signing up at http://go.nebula.tv/jetlag

This season, follow Adam and Ben versus Sam and Brian as they travel across the country competing for control over the most US states. They’ll have 4 days to travel to as many states as possible, complete challenges from their deck, and desperately try to defend their territory from this season’s newest twist: battles.

Our other channels:
Wendover Productions - http://youtube.com/wendoverproductions
Half as Interesting - http://youtube.com/halfasinteresting

Follow us on Twitter: http://twitter.com/wendoverpro

Created by Adam Chase, Sam Denby, and Ben Doyle
Editing by Adam Chase, Ben Doyle, Henry Ariza, Ryan Alva
Motion Graphics by Lili Pereira, Max Moser, Josh Sherrington, Maddy Haynes, Sara Stoltman, Aelee Vang, Derek Brown, Mikaila Blackburn, Neel Sawant, Parker Simmons
Audio by Manni Simon, Donovan Bullen
Supervising Producer Graham Haerther
Artwork by Simon Buckmaster

The production has offset 10x its estimated carbon impact through The Wren climate portfolio: https://www.wren.co/profile/wendoverproductions",idiCtICGlCA,no location found,null
64,2022-12-14T15:31:16Z,We Raced To Visit The Most US States In 100 Hours,"Watch the next episode of Jet Lag right now on Nebula: https://nebula.tv/videos/jetlag-ep-2-we-raced-to-visit-the-most-us-states-in-100-hours
Get $20 off an annual Nebula subscription by signing up at http://go.nebula.tv/jetlag

This season, follow Adam and Ben versus Sam and Brian as they travel across the country competing for control over the most US states. They’ll have 4 days to travel to as many states as possible, complete challenges from their deck, and desperately try to defend their territory from this season’s newest twist: battles.

Our other channels:
Wendover Productions - http://youtube.com/wendoverproductions
Half as Interesting - http://youtube.com/halfasinteresting

Follow us on Twitter: http://twitter.com/wendoverpro

Created by Adam Chase, Sam Denby, and Ben Doyle
Editing by Adam Chase, Ben Doyle, Henry Ariza, Ryan Alva
Motion Graphics by Lili Pereira, Max Moser, Josh Sherrington, Maddy Haynes, Sara Stoltman, Aelee Vang, Derek Brown, Mikaila Blackburn, Neel Sawant, Parker Simmons
Audio by Manni Simon, Donovan Bullen
Supervising Producer Graham Haerther
Artwork by Simon Buckmaster

The production has offset 10x its estimated carbon impact through The Wren climate portfolio: https://www.wren.co/profile/wendoverproductions",E0ejkkFT3V0,no location found,null
65,2022-10-26T15:13:29Z,Playing A 72 Hr Game of Tag Across Europe - Finale,"Watch the next episode of Jet Lag right now on Nebula: https://nebula.tv/videos/jetlag-ep-8-the-layover-we-played-tag-across-europe
Get $20 off an annual Nebula subscription by signing up at http://go.nebula.tv/jetlag

Our other channels:
Wendover Productions - http://youtube.com/wendoverproductions
Half as Interesting - http://youtube.com/halfasinteresting

Follow us on Twitter: http://twitter.com/wendoverpro

Created by Adam Chase, Sam Denby, and Ben Doyle
Edited by Adam Chase, Ben Doyle, Henry Ariza
Motion graphics by Lili Pereira, Dom Burgess, Max Moser
Audio by Graham Haerther, Donovan Bullen, Henry Ariza
Artwork by Simon Buckmaster

The production has offset 10x its estimated carbon impact through a cookstove replacement program in China certified by the Gold Standard: https://registry.goldstandard.org/cre...",g275afit9l0,no location found,null
66,2022-10-19T14:33:12Z,Playing a 72 Hr Game of Tag Across Europe - Ep 6,"Watch the next episode of Jet Lag right now on Nebula: https://nebula.tv/videos/jetlag-ep-7-we-played-tag-across-europe
Get $20 off an annual Nebula subscription by signing up at http://go.nebula.tv/jetlag

Our other channels:
Wendover Productions - http://youtube.com/wendoverproductions
Half as Interesting - http://youtube.com/halfasinteresting

Follow us on Twitter: http://twitter.com/wendoverpro

Created by Adam Chase, Sam Denby, and Ben Doyle
Edited by Adam Chase, Ben Doyle, Henry Ariza
Motion graphics by Lili Pereira, Dom Burgess, Max Moser
Audio by Graham Haerther, Donovan Bullen, Henry Ariza
Artwork by Simon Buckmaster

The production has offset 10x its estimated carbon impact through a cookstove replacement program in China certified by the Gold Standard: https://registry.goldstandard.org/credit-blocks/details/279220",T_WEYOMDT2I,no location found,null
67,2022-10-12T16:00:33Z,Playing a 72 Hr Game of Tag Across Europe - Ep 5,"Watch the next episode of Jet Lag right now on Nebula: https://nebula.tv/videos/jetlag-ep-6-we-played-tag-across-europe
Get $20 off an annual Nebula subscription by signing up at http://go.nebula.tv/jetlag

Our other channels:
Wendover Productions - http://youtube.com/wendoverproductions
Half as Interesting - http://youtube.com/halfasinteresting

Follow us on Twitter: http://twitter.com/wendoverpro

Created by Adam Chase, Sam Denby, and Ben Doyle
Edited by Adam Chase, Ben Doyle, Henry Ariza
Motion graphics by Lili Pereira, Dom Burgess, Max Moser
Audio by Graham Haerther, Donovan Bullen, Henry Ariza
Artwork by Simon Buckmaster

The production has offset 10x its estimated carbon impact through a cookstove replacement program in China certified by the Gold Standard: https://registry.goldstandard.org/credit-blocks/details/279220",Dpinb2tunls,no location found,null
68,2022-10-05T16:11:59Z,Playing a 72 Hr Game of Tag Across Europe - Ep 4,"Watch the next episode of Jet Lag right now on Nebula: https://nebula.tv/videos/hai-ep-5-we-played-tag-across-europe
Get $20 off an annual Nebula subscription by signing up at http://go.nebula.tv/jetlag

Our other channels:
Wendover Productions - http://youtube.com/wendoverproductions
Half as Interesting - http://youtube.com/halfasinteresting

Follow us on Twitter: http://twitter.com/wendoverpro

Created by Adam Chase, Sam Denby, and Ben Doyle
Edited by Adam Chase, Ben Doyle, Henry Ariza
Motion graphics by Lili Pereira, Dom Burgess, Max Moser
Audio by Graham Haerther, Donovan Bullen, Henry Ariza
Artwork by Simon Buckmaster

The production has offset 10x its estimated carbon impact through a cookstove replacement program in China certified by the Gold Standard: https://registry.goldstandard.org/credit-blocks/details/279220",LBxeKFuGxJA,no location found,null
69,2022-09-28T14:31:18Z,Playing a 72 Hr Game of Tag Across Europe - Ep 3,"Watch the next episode of Jet Lag right now on Nebula: https://nebula.tv/videos/jetlag-ep-4-we-played-tag-across-europe
Get $20 off an annual Nebula subscription by signing up at http://go.nebula.tv/jetlag

Our other channels:
Wendover Productions - http://youtube.com/wendoverproductions
Half as Interesting - http://youtube.com/halfasinteresting

Follow us on Twitter: http://twitter.com/wendoverpro

Created by Adam Chase, Sam Denby, and Ben Doyle
Edited by Adam Chase, Ben Doyle, Henry Ariza
Motion graphics by Lili Pereira, Dom Burgess, Max Moser
Audio by Graham Haerther, Donovan Bullen, Henry Ariza
Artwork by Simon Buckmaster

The production has offset 10x its estimated carbon impact through a cookstove replacement program in China certified by the Gold Standard: https://registry.goldstandard.org/credit-blocks/details/292911",i5QIazhw2Ns,no location found,null
70,2022-09-21T15:53:17Z,Playing A 72 Hr Game of Tag Across Europe - Ep 2,"Watch the next episode of Jet Lag right now on Nebula: https://nebula.tv/videos/jetlag-ep-3-we-played-tag-across-europe
Get $20 off an annual Nebula subscription by signing up at http://go.nebula.tv/jetlag

Our other channels:
Wendover Productions - http://youtube.com/wendoverproductions
Half as Interesting - http://youtube.com/halfasinteresting

Follow us on Twitter: http://twitter.com/wendoverpro

Created by Adam Chase, Sam Denby, and Ben Doyle
Edited by Adam Chase, Ben Doyle, Henry Ariza
Motion graphics by Lili Pereira, Dom Burgess, Max Moser
Audio by Graham Haerther, Donovan Bullen, Henry Ariza
Artwork by Simon Buckmaster

The production has offset 10x its estimated carbon impact through a cookstove replacement program in China certified by the Gold Standard: https://registry.goldstandard.org/credit-blocks/details/292911",K9XZCJCAyOE,no location found,null
71,2022-09-14T15:09:48Z,We Played a 72 Hour Game of Tag Across Europe,"Watch the next episode of Jet Lag right now on Nebula: https://nebula.app/videos/jetlag-ep-2-we-played-tag-across-europe
Get $20 off an annual Nebula subscription by signing up at http://go.nebula.tv/jetlag

Our other channels:
Wendover Productions - http://youtube.com/wendoverproductions
Half as Interesting - http://youtube.com/halfasinteresting

Follow us on Twitter: http://twitter.com/wendoverpro

Created by Adam Chase, Sam Denby, and Ben Doyle
Edited by Adam Chase, Ben Doyle, Henry Ariza
Motion graphics by Lili Pereira, Dom Burgess, Max Moser
Audio by Graham Haerther, Donovan Bullen, Henry Ariza
Artwork by Simon Buckmaster

The production has offset 10x its estimated carbon impact through a cookstove replacement program in China certified by the Gold Standard: https://registry.goldstandard.org/credit-blocks/details/279220",q2tJqO6nCSc,no location found,null
72,2022-08-03T19:16:32Z,Day 5 - We Raced To Circumnavigate the Globe in 100 Hours,"Get $20 off an annual Nebula subscription by signing up at http://go.nebula.tv/jetlag

View this season's challenges here: https://docs.google.com/document/d/1IFFhsZEsGqep2R5RUj9p0Q3eT2ZAJJYGLQci-1F5BOM/edit?usp=sharing

Our other channels:
Wendover Productions - http://youtube.com/wendoverproductions
Half as Interesting - http://youtube.com/halfasinteresting

Follow us on Twitter: http://twitter.com/wendoverpro

Created by Adam Chase, Sam Denby, and Ben Doyle
Editing by Adam Chase, Ben Doyle, Alexander Williard
Motion graphics by Lili Pereira, Dom Burgess, Max Moser
Audio by Graham Haerther, Donovan Bullen, Henry Ariza
Artwork by Simon Buckmaster

The production has offset 10x its estimated carbon impact through a cookstove replacement program in China certified by the Gold Standard: https://registry.goldstandard.org/credit-blocks/details/279220",uXmnxhYQ_Iw,no location found,null
73,2022-07-27T18:00:02Z,Day 4 - We Raced To Circumnavigate the Globe in 100 Hours,"Get $20 off an annual Nebula subscription by signing up at http://go.nebula.tv/jetlag

View this season's challenges here: https://docs.google.com/document/d/1IFFhsZEsGqep2R5RUj9p0Q3eT2ZAJJYGLQci-1F5BOM/edit?usp=sharing

Our other channels:
Wendover Productions - http://youtube.com/wendoverproductions
Half as Interesting - http://youtube.com/halfasinteresting

Follow us on Twitter: http://twitter.com/wendoverpro

Created by Adam Chase, Sam Denby, and Ben Doyle
Editing by Adam Chase, Ben Doyle, Alexander Williard
Motion graphics by Lili Pereira, Dom Burgess, Max Moser
Audio by Graham Haerther, Donovan Bullen, Henry Ariza
Artwork by Simon Buckmaster

The production has offset 10x its estimated carbon impact through a cookstove replacement program in China certified by the Gold Standard: https://registry.goldstandard.org/credit-blocks/details/279220",20y1H6eGHuY,no location found,null
74,2022-07-20T15:48:25Z,Day 3 - We Raced To Circumnavigate the Globe in 100 Hours,"Get $20 off an annual Nebula subscription by signing up at http://go.nebula.tv/jetlag

View this season's challenges here: https://docs.google.com/document/d/1IFFhsZEsGqep2R5RUj9p0Q3eT2ZAJJYGLQci-1F5BOM/edit?usp=sharing

Our other channels:
Wendover Productions - http://youtube.com/wendoverproductions
Half as Interesting - http://youtube.com/halfasinteresting

Follow us on Twitter: http://twitter.com/wendoverpro

Created by Adam Chase, Sam Denby, and Ben Doyle
Editing by Adam Chase, Ben Doyle, Alexander Williard
Motion graphics by Lili Pereira, Dom Burgess, Max Moser
Audio by Graham Haerther, Donovan Bullen, Henry Ariza
Artwork by Simon Buckmaster

The production has offset 10x its estimated carbon impact through a cookstove replacement program in China certified by the Gold Standard: https://registry.goldstandard.org/credit-blocks/details/279220",Do9eV2zHtiA,no location found,null
75,2022-07-13T16:14:12Z,Day 2 - We Raced To Circumnavigate The Globe In 100 Hours,"Get $20 off an annual Nebula subscription by signing up at http://go.nebula.tv/jetlag

View this season's challenges here: https://docs.google.com/document/d/1IFFhsZEsGqep2R5RUj9p0Q3eT2ZAJJYGLQci-1F5BOM/edit?usp=sharing

Our other channels:
Wendover Productions - http://youtube.com/wendoverproductions
Half as Interesting - http://youtube.com/halfasinteresting

Follow us on Twitter: http://twitter.com/wendoverpro

Created by Adam Chase, Sam Denby, and Ben Doyle
Editing by Adam Chase, Ben Doyle, Alexander Williard
Motion graphics by Lili Pereira, Dom Burgess, Max Moser
Audio by Graham Haerther, Donovan Bullen, Henry Ariza
Artwork by Simon Buckmaster

The production has offset 10x its estimated carbon impact through a cookstove replacement program in China certified by the Gold Standard: https://registry.goldstandard.org/credit-blocks/details/279220",tq7KarjTwTA,no location found,null
76,2022-07-06T16:32:58Z,We Raced To Circumnavigate The Globe In 100 Hours,"Get $20 off an annual Nebula subscription by signing up at http://go.nebula.tv/jetlag

View this season's challenges here: https://docs.google.com/document/d/1IFFhsZEsGqep2R5RUj9p0Q3eT2ZAJJYGLQci-1F5BOM/edit?usp=sharing

Our other channels:
Wendover Productions - http://youtube.com/wendoverproductions
Half as Interesting - http://youtube.com/halfasinteresting


Follow us on Twitter: http://twitter.com/wendoverpro


Created by Adam Chase, Sam Denby, and Ben Doyle
Editing by Adam Chase, Ben Doyle, Alexander Williard
Motion graphics by Lili Pereira, Dom Burgess, Max Moser
Audio by Graham Haerther, Donovan Bullen, Henry Ariza
Artwork by Simon Buckmaster


The production has offset 10x its estimated carbon impact through a cookstove replacement program in China certified by the Gold Standard: https://registry.goldstandard.org/credit-blocks/details/279220",Gta43oOV4Ag,no location found,null
77,2022-06-08T16:18:38Z,Our Flight Got Diverted at the Worst Possible Time - Connect 4 Across America,"Get $20 off an annual Nebula subscription by signing up at http://go.nebula.tv/jetlag

Watch this video ad-free on Nebula: https://nebula.app/videos/jetlag-the-big-strategy-day-connect-4-across-america
Watch the next video ad-free and one week early on Nebula: https://nebula.app/videos/jetlag-finale-connect-4-across-america

Our other channels:
Wendover Productions - http://youtube.com/wendoverproductions
Half as Interesting - http://youtube.com/halfasinteresting

Follow us on Twitter: http://twitter.com/wendoverpro

Created by Adam Chase, Sam Denby, and Ben Doyle
Editing by Adam Chase, Ben Doyle, Alexander Williard
Motion graphics by Lili Pereira, Dom Burgess, Max Moser
Audio by Graham Haerther, Donovan Bullen, Henry Ariza
Artwork by Simon Buckmaster

The production has offset 10x its estimated carbon impact through a cookstove replacement program in Myanmar certified by the Gold Standard: https://registry.goldstandard.org/credit-blocks/details/270890",DSuva0TtdYs,no location found,null
78,2022-06-01T14:59:33Z,"Flying 1,200 Miles to Ruin Our Boss' Plan - Connect 4 Across America","Get $20 off an annual Nebula subscription by signing up at http://go.nebula.tv/jetlag

Watch this video ad-free on Nebula: https://nebula.app/videos/jetlag-the-big-strategy-day-connect-4-across-america
Watch the next video ad-free and one week early on Nebula: https://nebula.app/videos/jetlag-finale-connect-4-across-america

Our other channels:
Wendover Productions - http://youtube.com/wendoverproductions
Half as Interesting - http://youtube.com/halfasinteresting

Follow us on Twitter: http://twitter.com/wendoverpro

Created by Adam Chase, Sam Denby, and Ben Doyle
Editing by Adam Chase, Ben Doyle, Alexander Williard
Motion graphics by Lili Pereira, Dom Burgess, Max Moser
Audio by Graham Haerther, Donovan Bullen, Henry Ariza
Artwork by Simon Buckmaster

The production has offset 10x its estimated carbon impact through a cookstove replacement program in Myanmar certified by the Gold Standard: https://registry.goldstandard.org/credit-blocks/details/270890",LmjcQ9UoBjc,no location found,null
79,2022-05-25T17:56:43Z,We Played Connect 4 by Travelling to Actual US States,"Get $20 off an annual Nebula subscription by signing up at http://go.nebula.tv/jetlag

Watch this video ad-free on Nebula: https://nebula.app/videos/jetlag-we-played-connect-4-by-travelling-to-actual-us-states
Watch the next video ad-free and one week early on Nebula: https://nebula.app/videos/jetlag-the-big-strategy-day-connect-4-across-america

Sam's Instagram: https://www.instagram.com/sam.from.wendover/

Our other channels:
Wendover Productions - http://youtube.com/wendoverproductions
Half as Interesting - http://youtube.com/halfasinteresting

Follow us on Twitter: http://twitter.com/wendoverpro

Created by Adam Chase, Sam Denby, and Ben Doyle
Editing by Adam Chase, Ben Doyle, Alexander Williard
Motion graphics by Lili Pereira, Dom Burgess, Max Moser
Audio by Graham Haerther, Donovan Bullen, Henry Ariza
Artwork by Simon Buckmaster

The production has offset 10x its estimated carbon impact through a cookstove replacement program in Myanmar certified by the Gold Standard: https://registry.goldstandard.org/credit-blocks/details/270890",oZSUxdzgA08,no location found,null
